movie_ID,average_rating
tt3526286,3.3
tt6540984,4.3
tt2075318,5.3
tt2106284,6.8
tt1811293,5.3
tt2630898,7.1
tt4370922,6.8
tt2518788,7.4
tt4685428,4.8
tt2388856,5.8
tt1179933,6.9
tt3397754,5.9
tt3488056,4.1
tt2538128,3.5
tt2297108,4.4
tt2990126,6.2
tt2990126,6.2
tt6210996,5.2
tt1712159,4.3
tt2139521,3.0
tt2325491,4.9
tt5143226,5.3
tt2317524,5.5
tt3957956,5.0
tt1413492,5.6
tt2024544,7.9
tt2313780,2.1
tt1542344,7.0
tt0798817,5.7
tt2082152,4.6
tt2059171,6.3
tt2991516,3.7
tt5895028,8.1
tt1442571,6.6
tt7476438,5.5
tt4427076,7.2
tt1860152,5.5
tt1909270,5.3
tt1946269,5.3
tt1772230,5.5
tt6214928,5.9
tt5815492,7.1
tt6411590,6.5
tt2833074,6.9
tt1602472,5.6
tt1272878,6.5
tt2372678,6.7
tt5080556,6.3
tt2396566,7.4
tt2516610,2.4
tt2920540,7.2
tt0858411,4.0
tt2247692,4.4
tt4575328,4.9
tt4385888,7.4
tt4385888,7.4
tt1711425,5.7
tt1232829,6.8
tt3657420,6.6
tt4976192,5.2
tt1167638,6.5
tt7280898,7.2
tt2294449,6.9
tt2304459,6.5
tt4261326,2.6
tt5442456,5.6
tt5369484,6.9
tt1618368,6.4
tt7490256,6.2
tt2124074,6.0
tt1131724,5.8
tt2172934,6.1
tt1825784,4.7
tt2123884,4.9
tt1718998,5.4
tt1772271,5.5
tt1365048,4.9
tt1622547,5.6
tt1253863,6.0
tt1667355,6.9
tt3835080,5.2
tt1652287,5.2
tt2217895,5.7
tt2260850,7.6
tt2439946,3.0
tt0453562,7.0
tt3544082,6.5
tt2932536,5.6
tt1335975,6.0
tt4510398,4.3
tt1486193,5.7
tt2486678,7.2
tt1777595,6.2
tt1306980,7.1
tt2518848,3.0
tt1629439,4.3
tt3165632,4.9
tt6142496,6.0
tt5503688,5.6
tt1975249,5.9
tt4703048,5.9
tt2178915,4.4
tt3550902,4.8
tt3799372,5.4
tt2676710,3.1
tt5189894,5.0
tt5517438,6.4
tt1988781,3.4
tt3488184,5.2
tt5466186,5.8
tt2828954,5.6
tt4424722,4.8
tt3465074,5.3
tt1484522,6.2
tt4917224,4.8
tt4337690,5.3
tt1641385,5.6
tt2891174,6.8
tt2891174,6.8
tt5212918,6.7
tt6359956,6.3
tt6359956,6.3
tt1509787,6.2
tt4504040,6.1
tt2800050,6.9
tt1554091,7.1
tt2027265,7.1
tt2056771,6.2
tt2056771,6.2
tt0448022,6.0
tt1582465,6.3
tt1401621,6.5
tt3219678,5.9
tt1740053,5.3
tt1692235,5.2
tt1817081,5.5
tt3688406,5.6
tt7608418,6.7
tt8709036,6.3
tt2328727,4.6
tt2104837,6.0
tt9282616,6.6
tt1571222,6.3
tt2083379,5.5
tt1753383,7.2
tt3991066,5.9
tt8075202,5.7
tt3762974,7.7
tt1640711,5.8
tt1568923,7.0
tt5566790,6.6
tt1741542,6.8
tt6265828,7.0
tt2523832,7.3
tt2523832,7.3
tt2326554,6.8
tt1606378,5.2
tt2180994,5.3
tt1231586,5.9
tt3521306,6.9
tt3667610,7.0
tt1987018,6.2
tt2243537,5.5
tt2828996,5.5
tt1813609,4.4
tt3268790,4.2
tt2216240,6.9
tt2980210,5.9
tt1617620,5.2
tt6884200,6.2
tt2726552,5.4
tt1226240,6.9
tt1979172,6.8
tt1440161,6.3
tt2276480,6.1
tt1319722,5.3
tt1422136,6.1
tt0458413,6.2
tt2609758,6.3
tt6776462,6.3
tt1447479,6.2
tt2587914,4.9
tt4286432,5.0
tt0910885,5.0
tt2557490,5.8
tt3416532,7.1
tt3416532,7.1
tt0961097,6.6
tt2937898,6.6
tt2937898,6.6
tt1972571,6.5
tt1572008,5.0
tt1179056,5.5
tt1823059,6.3
tt2275471,4.7
tt1883180,6.9
tt2368254,6.8
tt6054650,7.3
tt6644200,7.3
tt1817276,3.9
tt3302078,6.3
tt3302078,6.3
tt1276419,7.4
tt1837562,6.5
tt1639901,6.1
tt5226380,6.7
tt1832382,7.9
tt7040874,6.6
tt1540741,5.8
tt1386683,6.3
tt1517451,7.5
tt3823116,5.3
tt3606888,7.5
tt3606888,7.5
tt3543258,6.5
tt2511190,2.4
tt2201548,4.7
tt0763831,6.1
tt2852400,7.3
tt2320073,4.0
tt0365907,6.3
tt1178665,5.9
tt1341340,5.2
tt5814408,5.9
tt6494344,5.5
tt3560704,5.4
tt1620680,5.0
tt4357170,6.7
tt5709188,5.7
tt1311060,5.5
tt3823672,5.4
tt2926810,5.2
tt5647758,4.1
tt5640450,6.1
tt1603257,5.1
tt7261172,5.5
tt7261172,5.5
tt2048865,3.8
tt6109124,5.5
tt1480285,4.5
tt3444312,6.3
tt3444312,6.3
tt1600195,5.8
tt2447982,5.8
tt2667918,6.5
tt1945062,4.4
tt1826590,6.0
tt2194499,7.9
tt1611224,5.6
tt2736254,3.6
tt1796406,6.4
tt1610996,5.9
tt7501544,5.9
tt2179226,4.9
tt1727770,5.7
tt1727770,5.7
tt2112096,5.4
tt3442634,4.7
tt3503840,4.7
tt2418372,4.9
tt6237612,4.9
tt5390430,7.9
tt1137470,4.0
tt4742556,6.1
tt6063050,6.6
tt1591479,6.3
tt6495770,5.2
tt6684714,6.0
tt2205401,5.3
tt3435418,5.3
tt4000870,5.4
tt5039822,4.9
tt1814621,5.5
tt2103267,6.1
tt6306064,6.7
tt4211044,6.2
tt1067765,6.2
tt3090670,6.0
tt1621432,5.3
tt4559006,6.2
tt1906384,4.9
tt1223236,7.1
tt1799508,5.7
tt2404163,5.7
tt1815862,5.1
tt6688022,6.6
tt2797190,2.6
tt1291547,5.3
tt5168832,5.1
tt7681970,5.6
tt2430104,7.7
tt2226630,6.0
tt2815966,5.2
tt2710826,4.2
tt5186236,6.6
tt2209300,4.6
tt2584642,4.6
tt4581576,5.5
tt2312890,5.8
tt2557276,6.8
tt2518926,4.0
tt1590950,5.6
tt2054790,6.1
tt1594917,4.1
tt6798422,7.5
tt1519245,5.0
tt3470656,4.4
tt1845773,7.2
tt2388637,6.2
tt2091478,4.8
tt4743226,3.9
tt1509732,4.9
tt1740070,4.9
tt6774212,5.5
tt3544014,6.3
tt1602098,6.3
tt4518260,6.0
tt4518260,6.0
tt8179218,7.3
tt1712170,5.1
tt5688996,6.6
tt1698641,6.2
tt3293462,4.9
tt4072326,7.0
tt2567026,6.5
tt1753422,2.4
tt1014759,6.6
tt2049386,6.6
tt2510434,4.9
tt1910498,2.1
tt2275499,2.4
tt4279116,4.7
tt1592503,4.3
tt2316204,5.9
tt1854506,2.4
tt2593392,7.7
tt1307858,5.6
tt7542576,6.5
tt2312184,6.0
tt3820450,4.7
tt2110388,4.4
tt2527186,5.1
tt1666185,6.4
tt4247682,3.4
tt1175709,6.0
tt2900624,4.9
tt5022680,4.6
tt3210602,4.8
tt1492705,5.4
tt1462901,5.3
tt2017038,6.6
tt6023386,6.1
tt4662420,5.7
tt3214248,5.7
tt4663548,6.1
tt2186766,5.5
tt2370230,6.7
tt1587877,6.4
tt1594906,6.4
tt1718720,6.4
tt5146068,6.6
tt1606390,5.6
tt4278962,4.6
tt3910814,5.6
tt6012244,5.1
tt5294550,6.4
tt5294550,6.4
tt2357770,6.9
tt1858522,5.4
tt3410834,6.0
tt3640424,6.7
tt3640424,6.7
tt4472236,5.9
tt4686862,6.2
tt4686862,6.2
tt4649416,5.6
tt3080844,7.3
tt2325517,4.8
tt3480446,5.8
tt1243974,5.3
tt2660068,5.6
tt5300612,5.6
tt4271730,4.5
tt4653938,4.5
tt5494382,4.5
tt6262728,4.5
tt3619070,4.9
tt8116428,7.5
tt7160070,7.7
tt4244998,5.9
tt1213012,5.4
tt5706242,5.8
tt6700846,8.1
tt1907614,5.1
tt1407049,4.9
tt4556370,4.4
tt1577040,6.4
tt1615918,5.5
tt2974918,5.8
tt4392770,5.6
tt2737926,4.9
tt5578150,4.5
tt5952332,6.7
tt5580392,6.4
tt4265508,5.5
tt2093944,4.7
tt2497808,4.4
tt3831344,5.6
tt4059702,4.4
tt2330458,3.8
tt2785390,4.8
tt6032170,6.7
tt6212478,7.0
tt1961175,6.3
tt2425866,3.4
tt4733536,5.0
tt3721936,6.7
tt1800241,6.8
tt1800241,6.8
tt3532216,6.7
tt3532216,6.7
tt1959332,6.0
tt2389162,4.1
tt0376479,6.0
tt0376479,6.0
tt3108604,2.7
tt1605630,6.2
tt5451690,6.1
tt2179136,7.4
tt2179136,7.4
tt1692227,6.5
tt3316948,6.0
tt5848714,4.7
tt4303202,7.4
tt3139538,6.1
tt6068978,4.1
tt1935897,5.4
tt1984110,4.3
tt2328696,5.1
tt1417582,6.0
tt4504626,7.1
tt2473750,5.4
tt1602620,7.7
tt2870648,7.6
tt5718046,6.5
tt2241471,4.1
tt8020896,8.6
tt6518270,6.0
tt2246565,7.3
tt6322922,7.0
tt5779372,7.0
tt1212454,5.1
tt1785288,5.9
tt2948712,5.5
tt3546114,4.9
tt1229340,6.1
tt2432832,5.7
tt6776106,7.8
tt1122614,6.5
tt2094762,4.5
tt2465146,5.9
tt1391034,5.2
tt2018111,6.3
tt5605076,5.7
tt3393070,3.8
tt1559040,5.8
tt1833888,5.0
tt2123146,5.6
tt3620762,4.7
tt2996684,4.6
tt1313092,6.8
tt7946836,6.9
tt9257932,6.9
tt3297554,6.1
tt1620449,5.4
tt2431576,4.0
tt1499201,6.1
tt1781769,6.7
tt3322940,5.6
tt3032060,5.8
tt5140878,6.5
tt1823664,6.1
tt2798920,6.3
tt2401878,7.1
tt2401878,7.1
tt5397194,5.8
tt1521197,6.4
tt6411954,4.8
tt1891747,6.1
tt3233972,2.4
tt1549572,6.7
tt1719071,6.1
tt1920846,4.1
tt3500888,4.1
tt1431181,7.0
tt0478970,7.1
tt5095030,7.0
tt2361700,7.2
tt2436046,5.3
tt4963830,6.0
tt4190530,7.0
tt3475596,6.0
tt3333870,4.8
tt3679000,5.4
tt3266948,4.9
tt2066176,6.9
tt3384904,4.5
tt1772240,5.0
tt6217306,6.1
tt2065877,5.9
tt2959536,3.6
tt4270878,6.6
tt3638012,6.5
tt2674430,5.1
tt3077108,6.6
tt3077108,6.6
tt2676350,2.7
tt1477834,6.8
tt1764183,6.2
tt2056520,6.1
tt3922754,4.3
tt1519461,4.4
tt1024648,7.2
tt2140629,5.7
tt7294534,7.7
tt4557208,4.6
tt4382824,5.5
tt2403815,6.6
tt2543164,7.4
tt2543164,7.4
tt5580536,4.6
tt3654964,7.2
tt1334512,5.5
tt4065340,4.9
tt0940656,5.6
tt1430607,6.7
tt2870612,6.2
tt1906329,5.3
tt1807944,5.7
tt2571782,7.2
tt7112154,7.1
tt3774466,6.1
tt6131450,6.3
tt8560002,6.3
tt2084093,5.0
tt2505294,5.6
tt3175438,4.7
tt4109268,6.2
tt1509788,4.6
tt1780983,4.0
tt2094766,5.4
tt2094766,5.4
tt1436568,6.0
tt6205872,6.2
tt1502417,4.4
tt2663744,4.7
tt2368553,5.9
tt4765240,4.4
tt1541123,5.4
tt3289080,5.0
tt1937449,5.2
tt3091552,6.2
tt6938828,6.9
tt5994166,6.1
tt1483324,6.1
tt2597242,4.7
tt5133308,6.9
tt3715406,6.7
tt1578116,6.3
tt0480239,5.2
tt2406566,6.3
tt2449638,4.8
tt2098627,4.9
tt4480398,3.8
tt1478964,6.4
tt5465970,5.0
tt5278460,7.3
tt1753460,6.6
tt1753773,6.6
tt2094767,5.9
tt1322269,6.9
tt1322269,6.9
tt1985019,6.6
tt5278462,6.6
tt2114461,4.0
tt1971325,5.6
tt2085752,5.5
tt6194530,6.1
tt7021436,6.1
tt7259986,6.1
tt6194530,6.1
tt7021436,6.1
tt7259986,6.1
tt3727982,5.8
tt2395427,7.3
tt4154756,8.3
tt4971408,5.4
tt3367686,3.6
tt4966046,3.7
tt6294892,5.0
tt1414449,5.3
tt5061564,7.2
tt4044896,3.9
tt5258904,6.2
tt4849438,7.0
tt1020938,7.0
tt2064728,6.2
tt3848892,6.6
tt3890160,7.4
tt3829884,6.2
tt3013602,6.9
tt3797142,3.9
tt1920849,5.4
tt0972544,6.0
tt3118874,6.5
tt2246887,5.5
tt3349772,2.8
tt2113822,6.1
tt5153288,6.3
tt3588588,5.5
tt2784936,5.8
tt2005153,6.0
tt2220642,7.1
tt1928330,5.4
tt3685022,4.7
tt5477720,4.7
tt2350892,5.7
tt5653514,6.5
tt6788942,7.5
tt2091325,4.5
tt1847548,4.7
tt3349578,5.2
tt2274570,5.7
tt4651520,6.5
tt4437046,4.7
tt2081178,3.8
tt2081178,3.8
tt3482062,4.6
tt3203528,6.7
tt1798603,5.2
tt1798603,5.2
tt1284575,5.5
tt6628394,6.8
tt4216890,5.9
tt2644714,4.6
tt3678782,7.1
tt1171222,5.4
tt1438173,5.5
tt3863552,7.9
tt3138344,5.6
tt3164198,6.1
tt2937254,4.2
tt1626135,5.4
tt5816374,6.5
tt5033790,6.6
tt1798108,6.1
tt3995006,7.0
tt2011276,5.6
tt3202120,5.8
tt6090268,7.5
tt3628584,6.0
tt3921852,6.2
tt4955162,6.1
tt2630134,6.0
tt5502946,6.2
tt3741316,4.6
tt2355495,6.4
tt1731701,5.6
tt1861279,4.2
tt5477566,5.5
tt0482461,6.0
tt3946300,4.8
tt2821088,5.9
tt3884528,6.5
tt6067832,7.8
tt7451284,5.6
tt6556890,5.9
tt2975590,5.8
tt7167630,6.5
tt5973626,6.9
tt4853102,6.3
tt6854672,6.6
tt2936390,5.1
tt2103997,2.8
tt4084744,7.4
tt2210463,4.9
tt4622512,6.9
tt4622512,6.9
tt1532958,6.1
tt1880415,6.5
tt1880415,6.5
tt1995260,3.9
tt1440129,5.6
tt1469304,6.1
tt3311020,4.7
tt2473476,8.6
tt5512872,6.7
tt6303866,5.9
tt1426320,6.1
tt2005156,6.0
tt2458776,7.3
tt6463468,6.9
tt6170506,4.1
tt1152398,6.1
tt1365050,7.6
tt2125435,6.9
tt1568323,5.1
tt5929750,5.8
tt1226837,7.6
tt1559547,5.7
tt1529569,5.8
tt2358452,6.0
tt2316801,5.9
tt2771200,6.9
tt6433456,7.4
tt6110504,7.2
tt6438096,7.5
tt5108476,4.9
tt3060492,6.8
tt1691916,7.0
tt1726592,6.4
tt2209418,7.4
tt5929776,7.9
tt5929776,7.9
tt2231630,6.4
tt1699513,4.3
tt5785116,6.5
tt2314824,5.0
tt1291580,6.7
tt8132700,6.1
tt1642194,5.5
tt4331970,6.9
tt1723659,5.4
tt1787660,7.4
tt4076756,7.4
tt0455323,6.2
tt4669264,6.2
tt1440732,5.2
tt6046314,4.8
tt3544218,6.0
tt2009606,5.9
tt4700756,6.5
tt3107070,4.9
tt7095654,7.0
tt7689424,7.0
tt3020532,7.3
tt1242599,6.2
tt1815799,6.7
tt2790236,5.8
tt1641388,5.2
tt7545524,6.7
tt2638144,5.6
tt2325518,5.2
tt2991296,5.2
tt2325518,3.8
tt2991296,3.8
tt1222698,5.5
tt1422800,4.9
tt1781775,4.9
tt1799516,7.0
tt2237324,5.4
tt1100051,5.3
tt1820462,2.4
tt3335606,6.1
tt2576450,4.2
tt6155194,5.2
tt1885300,6.3
tt4244162,4.9
tt4516352,5.7
tt2915160,6.0
tt2915160,6.0
tt1609479,6.0
tt2081374,4.9
tt4443658,6.6
tt4443658,6.6
tt1109574,5.2
tt3886604,5.5
tt7295450,3.7
tt3483646,6.0
tt1931388,7.6
tt1412442,5.9
tt5329376,6.1
tt1800671,4.8
tt3254656,6.8
tt1724970,4.9
tt1977094,3.8
tt2351392,4.2
tt4687358,5.1
tt3125324,7.0
tt3125324,7.0
tt2433040,5.3
tt0997035,6.9
tt1830713,5.5
tt2309224,6.6
tt2309224,6.6
tt4986754,5.3
tt7336572,7.8
tt7657748,7.8
tt1126590,7.0
tt4317898,7.0
tt2245084,7.8
tt2245084,7.8
tt6409762,5.7
tt1430615,6.6
tt1464174,5.5
tt2689958,3.9
tt3254796,5.3
tt1740725,4.4
tt4397346,7.4
tt4853154,5.4
tt5179598,5.6
tt2513074,5.9
tt2513074,5.9
tt2737304,7.0
tt1674047,2.4
tt1316037,2.0
tt2507128,6.6
tt4702826,5.9
tt4277692,5.0
tt6069264,5.0
tt4654844,7.0
tt1697878,3.4
tt1477835,5.4
tt3182620,6.2
tt1164999,7.2
tt7349662,7.6
tt3208026,6.5
tt5714216,8.1
tt0906778,6.3
tt2090465,6.3
tt1479269,5.8
tt1355683,6.4
tt9495224,7.0
tt3139756,5.2
tt3139756,5.2
tt1425922,5.7
tt1825683,7.4
tt1930294,4.9
tt5667516,5.8
tt0947798,7.6
tt5622412,4.7
tt3181920,6.4
tt2545118,7.9
tt2717822,5.3
tt1629705,6.7
tt4061010,5.1
tt4061010,5.1
tt1856101,7.4
tt1856101,7.4
tt5084170,6.5
tt5084170,6.5
tt1540011,5.0
tt1540011,5.0
tt6574146,6.6
tt1854513,7.3
tt1854513,7.3
tt5979872,6.6
tt2948566,4.4
tt1620935,6.9
tt1620935,6.9
tt3244446,5.0
tt5813366,5.3
tt1086772,6.7
tt1390398,6.4
tt2616810,6.2
tt1935089,5.8
tt7242142,7.6
tt5161658,6.0
tt1297919,6.0
tt2531344,6.1
tt3102590,6.1
tt2265179,7.1
tt5246902,6.7
tt3647498,6.1
tt7208564,4.9
tt1394383,6.8
tt1753521,4.5
tt2246595,4.5
tt3758852,5.3
tt4594286,5.3
tt4145108,6.6
tt2825230,6.7
tt1844633,5.0
tt1196124,3.7
tt5621080,6.1
tt2909124,2.8
tt3689590,5.0
tt2510268,5.3
tt4289062,5.6
tt3487994,5.5
tt1421048,6.3
tt1663625,5.0
tt1409004,6.6
tt2027064,5.9
tt2316479,6.6
tt2278871,7.1
tt2334873,7.0
tt3574352,6.9
tt5912454,6.9
tt1758575,5.9
tt3748440,5.8
tt6193454,6.2
tt1120985,6.9
tt1120985,6.9
tt5022872,5.9
tt1511329,5.1
tt6224502,6.2
tt4606514,6.6
tt1777551,7.0
tt6864864,7.3
tt3732950,5.2
tt4358230,5.2
tt1729637,5.4
tt1727824,8.1
tt3722062,5.3
tt1728986,5.9
tt3505682,4.1
tt4351548,7.4
tt6895746,5.4
tt3139212,4.1
tt6752848,7.2
tt2494362,6.8
tt2129928,8.2
tt6217804,5.5
tt5325452,5.3
tt6857166,6.0
tt5501104,6.7
tt2069955,5.6
tt2069955,5.6
tt1528718,4.5
tt2571140,5.8
tt3667436,5.8
tt6654082,7.9
tt2337841,5.4
tt2624412,5.8
tt2624412,5.8
tt4145324,3.5
tt4472804,3.5
tt1230213,5.9
tt5686062,6.3
tt9071040,6.3
tt2369396,5.7
tt2445032,7.5
tt2445032,7.5
tt7008872,7.2
tt1456060,6.6
tt1065073,7.5
tt3445580,6.2
tt1965162,5.4
tt5884230,6.0
tt5240748,5.4
tt1990181,5.5
tt3798628,6.0
tt1368440,4.6
tt1217209,6.9
tt5001754,5.9
tt2950052,6.8
tt5657856,6.7
tt1219822,3.9
tt1578261,5.6
tt3062742,5.8
tt3121200,4.1
tt6285672,5.8
tt2249824,6.3
tt7137846,5.9
tt1651323,3.3
tt2345721,4.0
tt2314886,4.3
tt2768234,4.3
tt1553659,6.9
tt5716464,7.5
tt7913816,7.5
tt5716464,7.5
tt7913816,7.5
tt1999987,6.0
tt2005164,5.4
tt1430612,5.9
tt2357788,7.8
tt1478338,6.5
tt3682448,7.2
tt3682448,7.2
tt1473832,6.4
tt5519340,6.2
tt5805752,7.3
tt7014110,5.4
tt2424028,5.8
tt2689966,6.9
tt2622536,6.8
tt2917872,6.8
tt6731474,6.8
tt1235522,5.9
tt2503954,5.4
tt3701714,5.0
tt2446192,5.1
tt2381111,7.3
tt1800266,7.3
tt1588358,6.7
tt4000956,5.1
tt1273241,7.5
tt1273241,6.2
tt5193784,6.1
tt3262990,6.8
tt3787742,6.8
tt1529240,5.0
tt1753549,7.3
tt1839426,4.2
tt1411664,4.2
tt3380104,3.1
tt5243424,6.5
tt2544734,4.4
tt6204340,4.8
tt2551378,5.8
tt1682181,7.2
tt4701182,6.5
tt1308748,2.9
tt1181795,5.9
tt1462758,6.6
tt1126591,7.1
tt1586713,7.1
tt1781784,7.1
tt3519772,5.2
tt7282468,7.4
tt1811307,6.1
tt1244658,6.0
tt1570559,6.2
tt1283887,5.6
tt5826432,6.2
tt2503944,6.4
tt2503944,6.4
tt5321942,6.0
tt4720702,5.2
tt1349451,5.8
tt2252304,5.4
tt7318202,7.5
tt2543702,4.5
tt3707106,5.4
tt1650393,5.4
tt1786751,6.5
tt1106860,5.8
tt5457484,4.3
tt3832096,4.6
tt4513674,6.4
tt1600701,5.5
tt3442006,6.3
tt6218358,6.6
tt1918908,3.4
tt1918727,5.7
tt2689354,5.4
tt3899932,7.3
tt5726616,8.3
tt5726616,8.3
tt2234003,7.1
tt8361028,5.9
tt2469760,3.8
tt5651458,5.2
tt5375040,7.4
tt2253939,6.2
tt4863386,5.0
tt4863386,5.0
tt4703182,6.1
tt2419354,4.6
tt1047449,3.5
tt3097084,6.3
tt2994190,6.8
tt4595882,6.9
tt6744044,6.4
tt3005242,5.5
tt8267604,8.4
tt3498820,7.4
tt0458339,6.9
tt1843866,7.7
tt3553976,8.0
tt1535109,7.6
tt2091256,6.0
tt1826730,6.4
tt3268668,5.6
tt5363736,4.3
tt3896100,5.9
tt3230660,6.6
tt1321861,5.0
tt1756447,6.5
tt1692486,7.1
tt4335650,5.3
tt2402927,7.4
tt2402927,7.4
tt1939659,5.9
tt1216475,5.9
tt3606752,6.7
tt4126304,7.3
tt1194417,6.1
tt1540814,7.2
tt1747967,5.3
tt1293751,7.5
tt2313189,3.1
tt6333052,5.7
tt3074546,4.2
tt1446147,5.8
tt3461828,4.3
tt2403558,5.4
tt1908471,6.6
tt1584016,6.8
tt1287468,4.9
tt4273170,4.7
tt1449379,4.7
tt1664894,7.3
tt2378884,5.0
tt1477837,6.0
tt2136808,3.8
tt1405365,6.5
tt0775440,4.5
tt1288636,5.3
tt1196204,6.6
tt3457376,5.7
tt1489889,6.3
tt1020558,6.1
tt1341341,5.2
tt4468634,5.9
tt1621046,6.0
tt4340720,5.0
tt1989475,6.5
tt1487118,6.3
tt3951732,4.8
tt1392744,5.0
tt2214897,5.3
tt1823672,6.7
tt2531362,5.4
tt5665022,4.4
tt5478746,3.9
tt1196948,6.6
tt1438254,6.9
tt4086018,5.9
tt6333054,8.2
tt1579361,7.6
tt1629757,7.0
tt3549656,4.0
tt2145637,4.4
tt2389182,6.4
tt4519400,4.0
tt3781616,4.2
tt1340803,4.9
tt1159922,5.8
tt2883512,7.1
tt2112124,6.4
tt1991245,5.0
tt1315350,6.5
tt4807950,5.5
tt4594834,5.7
tt4594834,5.7
tt1014763,6.2
tt4565400,4.8
tt1839494,7.1
tt1942828,3.8
tt1745672,4.3
tt1727252,5.7
tt2425886,4.8
tt1222815,7.2
tt1754736,6.3
tt3481000,5.1
tt2076826,4.6
tt1325723,4.6
tt1544578,6.1
tt4082524,4.2
tt5588850,6.4
tt3398066,5.3
tt4666726,6.7
tt3703148,5.7
tt3703148,5.7
tt7608534,6.5
tt1663628,5.4
tt2333408,7.5
tt3396114,6.2
tt4923846,6.4
tt4575576,7.4
tt3850496,5.4
tt3850496,5.4
tt1706593,6.7
tt2836260,4.6
tt2674454,6.1
tt1661199,6.7
tt5089556,6.7
tt6359974,6.0
tt3118452,6.0
tt3142140,6.0
tt1839522,7.6
tt2626798,7.6
tt1684628,6.9
tt6164014,3.8
tt1792647,6.8
tt1641975,5.3
tt4044364,7.9
tt4044364,7.9
tt2791026,5.0
tt6333056,7.1
tt1726888,7.0
tt0800320,5.7
tt5219972,7.2
tt2609998,4.7
tt1598873,5.8
tt1638362,6.4
tt3043590,5.2
tt5577742,5.3
tt5673884,8.0
tt3511596,5.2
tt2218003,5.9
tt3457486,5.5
tt1371111,6.8
tt1985966,6.4
tt3808102,3.5
tt3038734,5.7
tt4229236,7.7
tt3845960,7.4
tt2380307,8.2
tt7002100,8.2
tt2380307,8.2
tt7002100,8.2
tt2119404,3.7
tt4060866,4.2
tt3530146,6.1
tt2234025,6.7
tt2866360,7.3
tt2866360,7.3
tt5740806,5.4
tt2511428,5.5
tt2511428,5.5
tt4040072,6.0
tt1632547,6.6
tt4441098,5.0
tt5112622,6.7
tt1497874,6.2
tt6516590,4.4
tt1179031,6.5
tt9095324,8.0
tt2198956,6.8
tt5437928,7.0
tt9461382,7.0
tt4682786,7.2
tt4682786,7.2
tt3650796,6.0
tt3672942,6.0
tt2474984,4.0
tt1657507,6.5
tt5990474,7.3
tt1465533,5.7
tt2551396,5.6
tt2341664,4.9
tt1690967,6.2
tt5889496,7.1
tt1403144,5.6
tt2597768,5.7
tt2965412,6.7
tt3008180,7.3
tt3125472,7.3
tt5598206,6.4
tt5598206,6.4
tt3367294,5.1
tt1942831,7.9
tt4230700,5.1
tt1971352,6.4
tt2381931,4.5
tt4992060,4.8
tt2007360,6.3
tt1864288,6.6
tt0816462,5.2
tt1619277,4.5
tt2005185,5.1
tt2296697,5.5
tt3322364,7.1
tt3619102,3.4
tt1587828,6.1
tt5606538,6.7
tt1397498,5.9
tt7518466,7.6
tt1783232,6.3
tt3634104,5.4
tt3760966,5.4
tt1598778,6.3
tt3561236,5.0
tt4503606,5.0
tt1524137,6.2
tt5470222,4.2
tt2281159,5.2
tt3148552,4.8
tt1244754,7.2
tt2974050,2.6
tt3813310,5.8
tt1385867,5.4
tt2459156,6.9
tt2404555,5.5
tt2948160,5.3
tt1185371,7.4
tt1863192,8.1
tt4530804,4.9
tt3826834,6.5
tt1480656,5.4
tt1413489,2.9
tt4872162,5.1
tt1572769,6.6
tt1555064,6.3
tt1630036,7.0
tt6109874,6.6
tt0409847,5.5
tt3302820,7.9
tt1486616,6.6
tt4557956,6.0
tt1848832,5.6
tt2219210,4.7
tt1890375,4.6
tt2141777,4.7
tt2384022,3.7
tt1946310,6.1
tt3104988,7.1
tt1196134,5.4
tt1570728,7.2
tt1686018,4.1
tt3076658,7.3
tt3076658,7.3
tt6343314,6.7
tt2428170,6.3
tt3654796,6.4
tt1844643,4.0
tt3014866,5.9
tt3687310,5.9
tt3687310,5.9
tt2554274,6.5
tt2554274,6.5
tt3800894,6.2
tt1954352,6.7
tt1869347,6.4
tt3592904,4.5
tt3027716,5.5
tt2652118,6.0
tt3268340,7.0
tt2180333,4.9
tt5034122,6.4
tt2093977,5.9
tt4149732,6.3
tt2332579,5.9
tt2390237,6.0
tt3280262,5.2
tt1935742,4.7
tt1695763,5.3
tt4622340,6.0
tt2230358,5.7
tt6993174,4.3
tt3796936,4.4
tt4720596,4.8
tt3212904,5.4
tt4575930,7.1
tt4575930,7.1
tt6002232,7.5
tt5667696,5.7
tt2355540,7.2
tt4498604,5.7
tt3899262,4.7
tt1327709,6.0
tt1336617,6.0
tt3010462,6.1
tt1340425,6.2
tt3104930,4.6
tt3398052,7.1
tt2112131,5.1
tt4104054,4.6
tt4080672,6.2
tt1528854,6.1
tt2910342,6.1
tt0790636,7.9
tt0790636,7.9
tt2183978,5.3
tt5881528,4.8
tt5097070,8.1
tt5787344,8.1
tt5074352,8.1
tt2071441,6.2
tt1772288,6.7
tt4485246,6.9
tt4594836,6.0
tt2226321,3.8
tt1863201,5.0
tt1430077,4.2
tt1966396,6.7
tt1385543,4.9
tt3155734,3.3
tt2443022,5.1
tt5281134,5.7
tt2402101,5.9
tt1077368,5.9
tt2387433,6.1
tt1584943,4.1
tt2910508,4.4
tt1507563,5.0
tt2328549,4.5
tt2251281,5.4
tt1746246,4.3
tt4555426,7.3
tt4555426,7.3
tt4314716,3.8
tt4087850,5.6
tt4126394,5.6
tt1730687,5.0
tt1279935,6.0
tt1878942,5.9
tt7765120,6.0
tt4457344,6.4
tt3962210,4.5
tt1421361,6.6
tt2014202,5.1
tt2103281,7.3
tt5742568,3.1
tt3053228,4.1
tt3116438,5.1
tt3007132,5.2
tt2359381,4.7
tt2359381,4.7
tt3068544,5.3
tt6266218,7.1
tt4405860,4.0
tt1501652,4.4
tt3844962,5.4
tt3844962,5.4
tt3412784,5.0
tt2101341,6.0
tt2171847,4.6
tt5481404,4.9
tt3816458,5.0
tt1663222,2.6
tt1650042,4.3
tt2832470,6.7
tt2188717,4.1
tt4282872,3.7
tt2396429,6.0
tt2094810,4.4
tt3731196,4.4
tt1667310,5.9
tt1082577,4.7
tt3003980,4.9
tt1431045,7.6
tt5463162,7.5
tt2948266,5.1
tt3127902,7.9
tt3914332,6.5
tt5542878,4.7
tt2927212,6.0
tt1947998,3.5
tt0989757,6.8
tt1371117,6.4
tt2222206,6.1
tt2235108,6.1
tt5946128,6.9
tt2181889,3.9
tt7886442,5.4
tt1241317,4.2
tt1137450,5.9
tt1321509,5.7
tt8564902,5.5
tt1384927,7.1
tt3705412,6.3
tt2769184,4.3
tt2654360,7.1
tt4105584,4.9
tt2914740,5.3
tt1646212,5.1
tt3312868,6.8
tt3312868,6.8
tt2994948,4.8
tt1695990,5.3
tt1860357,6.7
tt1860357,6.7
tt2910966,6.5
tt4144332,5.8
tt1172587,5.4
tt3778394,6.2
tt2069797,5.4
tt3131050,5.4
tt2069797,3.6
tt3131050,3.6
tt2377322,6.1
tt2387559,6.2
tt1957886,5.2
tt3611002,4.7
tt5806506,4.8
tt4935158,6.2
tt4130484,5.4
tt1334558,5.1
tt1841642,5.1
tt6175486,5.4
tt1221207,5.0
tt1221207,5.0
tt1259528,6.6
tt4645330,6.7
tt5897002,6.7
tt4645330,6.7
tt5897002,6.7
tt4598848,6.5
tt2071445,6.8
tt2173024,6.8
tt2461030,4.5
tt2143786,4.4
tt4972854,4.4
tt4444798,4.3
tt5047400,4.3
tt1323594,7.2
tt1690953,6.9
tt3469046,6.3
tt2474932,5.5
tt6987770,5.5
tt7218564,6.2
tt7137380,5.9
tt1683526,7.5
tt3447364,6.9
tt1832381,6.8
tt0990363,3.5
tt1701990,5.6
tt1865346,5.0
tt1753693,5.5
tt3716110,5.5
tt5390504,7.3
tt2125490,6.7
tt1314655,5.9
tt2569298,4.9
tt5834800,4.7
tt2752758,4.5
tt4610748,4.8
tt0804463,6.0
tt7315526,5.9
tt2010976,5.8
tt1833673,5.9
tt3593666,5.3
tt1758595,5.5
tt2711898,5.2
tt1196141,6.0
tt2023453,6.2
tt1650043,6.4
tt6003368,5.6
tt2312262,6.1
tt2611390,5.9
tt2633076,5.5
tt3704416,5.3
tt4110568,6.9
tt4535650,6.2
tt0427152,5.6
tt1321862,4.7
tt3090252,7.1
tt3261302,4.4
tt5691084,6.2
tt5521550,6.1
tt3722052,4.1
tt1860213,5.8
tt1107812,3.2
tt2532528,7.1
tt3194590,5.1
tt2973854,5.8
tt5039994,5.9
tt6143850,4.9
tt7789382,4.9
tt9035210,4.9
tt1840309,6.9
tt1562849,4.3
tt4188436,5.4
tt1853728,8.0
tt6046212,6.6
tt5557976,6.8
tt4056738,7.0
tt2481248,7.1
tt1211837,7.3
tt1211837,7.3
tt7365604,6.7
tt9204088,6.7
tt4054654,5.0
tt1422020,7.6
tt1564349,6.8
tt2978462,6.7
tt4694518,6.3
tt1285241,7.1
tt2229499,5.9
tt3534282,4.5
tt3534282,4.5
tt1270761,5.5
tt1572306,4.7
tt4160708,6.9
tt5452964,6.4
tt3620452,2.9
tt3339680,5.8
tt3683398,4.9
tt4329806,3.5
tt4972062,6.4
tt6288124,6.6
tt1756476,6.1
tt3850214,7.2
tt8098546,5.9
tt4788602,6.9
tt4733736,5.3
tt1728239,4.6
tt1517471,5.8
tt2372251,5.4
tt1155060,5.2
tt2033981,6.6
tt1389072,5.1
tt1389072,5.1
tt2831404,5.6
tt0829150,6.2
tt2320030,2.7
tt2287214,3.9
tt2543202,3.6
tt2223990,6.6
tt1709652,5.6
tt3819668,6.7
tt3672840,6.0
tt1735862,4.4
tt2333508,4.2
tt5610626,5.9
tt1365451,4.8
tt1650404,7.0
tt1462041,6.0
tt1343727,6.7
tt1486843,7.5
tt1714833,5.8
tt3153668,5.8
tt2265398,6.0
tt4430212,7.9
tt0780504,7.5
tt1502404,5.3
tt2968804,4.0
tt5352846,5.2
tt5239972,3.1
tt2179027,4.9
tt2241750,6.0
tt1674785,6.7
tt1950135,3.9
tt6958014,5.6
tt4940416,6.3
tt1810864,4.8
tt2011961,4.4
tt3458510,5.6
tt3699692,5.9
tt2170369,4.2
tt2170369,4.2
tt1231583,6.3
tt1182884,5.1
tt1618430,5.4
tt2096672,5.5
tt1978428,3.3
tt4878482,7.1
tt5013056,7.4
tt3868978,6.3
tt3868978,6.3
tt1274586,4.6
tt3456090,6.5
tt6212934,7.8
tt1972646,6.9
tt4701724,5.9
tt2183034,5.7
tt6238896,7.8
tt2340650,7.0
tt1282140,6.8
tt4401006,5.4
tt0879870,6.0
tt2109127,3.0
tt1833845,6.2
tt1880416,4.0
tt3033948,4.0
tt3094252,6.6
tt1836974,6.9
tt1836974,6.9
tt4974228,7.3
tt1734433,6.8
tt2063641,6.8
tt5975878,5.8
tt5975878,5.8
tt5975878,5.4
tt5975878,5.8
tt3181898,5.1
tt1226273,6.3
tt7149916,5.0
tt1631867,7.6
tt4526546,5.8
tt1605798,6.0
tt7014006,7.4
tt1773389,5.8
tt1703958,5.6
tt2406676,5.5
tt3175038,6.5
tt3255590,5.8
tt1990216,5.6
tt3123010,5.9
tt2405792,7.7
tt0835775,5.1
tt1340773,4.9
tt1925421,7.3
tt3747268,8.2
tt3747268,8.2
tt1575539,7.2
tt1578882,5.1
tt1728975,4.9
tt2281215,3.1
tt4587366,5.8
tt6852872,6.1
tt3716530,6.6
tt3716530,6.6
tt2113659,6.2
tt2093991,5.8
tt1535108,6.4
tt3503460,5.5
tt4948040,5.9
tt2171867,5.1
tt1798148,3.9
tt2281217,3.9
tt6613952,3.1
tt3476464,5.4
tt1855199,7.3
tt2268433,4.6
tt9341628,3.5
tt1731141,6.6
tt2318092,6.8
tt2395199,5.2
tt3717804,6.0
tt2390361,6.7
tt1631707,6.7
tt1631707,6.7
tt2229377,4.8
tt3343784,5.3
tt3343784,5.3
tt1674771,6.2
tt0848537,6.4
tt3289728,6.0
tt3958780,5.8
tt6498644,7.4
tt6498644,7.4
tt1835955,5.8
tt1835955,5.8
tt1211956,6.7
tt6513656,4.7
tt5159414,5.0
tt5748392,5.0
tt0765446,5.8
tt2187884,4.8
tt1727258,4.1
tt2515030,6.3
tt1561768,5.7
tt3339624,4.4
tt5883632,7.1
tt2051879,6.2
tt4147210,5.9
tt2719848,6.7
tt2719848,6.7
tt1662500,6.7
tt1301990,5.5
tt7026672,7.0
tt1706598,5.8
tt1707380,5.5
tt4294604,5.5
tt5537228,6.5
tt2937696,6.4
tt4401704,5.6
tt2831414,7.7
tt2831414,7.7
tt2366308,7.2
tt5001718,7.2
tt1828970,5.6
tt1288558,6.4
tt4291590,6.3
tt4291590,6.3
tt3468698,3.5
tt1984153,6.0
tt1945044,4.7
tt2436452,4.9
tt2436452,4.9
tt1988621,4.9
tt1781812,5.3
tt1587707,7.7
tt1528100,5.7
tt2040367,4.9
tt4189442,5.9
tt3726704,6.6
tt4019560,4.6
tt3467412,5.6
tt3201640,5.9
tt8126440,5.9
tt1416336,5.0
tt2957760,6.1
tt1757746,6.1
tt2823574,5.5
tt3304610,4.5
tt4382872,4.5
tt3304610,4.5
tt4382872,4.5
tt1244659,6.3
tt3312748,5.0
tt2960930,5.0
tt0477302,7.0
tt6664700,5.4
tt5612742,5.5
tt6146590,6.1
tt1811315,5.3
tt1536410,5.9
tt8632862,7.1
tt0360556,5.4
tt0977855,6.6
tt2295722,5.8
tt3240622,6.0
tt7895904,4.6
tt1821426,6.3
tt3183660,7.4
tt3183660,7.4
tt4123430,6.9
tt1502712,4.4
tt2935476,7.0
tt1753813,5.9
tt1905041,6.8
tt1596343,7.2
tt5434972,6.9
tt1433108,6.2
tt1227378,7.2
tt3701804,6.2
tt2332623,4.2
tt1966359,5.8
tt1966359,5.8
tt1381505,5.4
tt7256866,5.3
tt1727261,5.9
tt3021360,6.7
tt1437357,6.9
tt2165765,4.2
tt3560148,5.6
tt4282670,8.0
tt2381335,7.4
tt5226512,7.3
tt3854104,5.1
tt5419676,8.2
tt2671706,6.8
tt2671706,6.8
tt5131906,5.2
tt6937878,5.1
tt6937878,5.1
tt3411444,7.1
tt3411444,7.1
tt1515199,4.4
tt2477218,6.2
tt3186838,2.9
tt4465564,6.1
tt4477536,6.1
tt4667094,4.4
tt2322441,5.4
tt4280822,3.5
tt2219514,6.5
tt5711148,6.7
tt2243299,7.6
tt1622979,6.0
tt2124787,5.1
tt3027188,4.6
tt5152460,4.6
tt3462002,6.6
tt3014910,5.6
tt2277860,7.0
tt3142688,5.4
tt3383214,5.9
tt3350436,3.8
tt3652526,6.7
tt1925431,5.6
tt1400335,6.2
tt4262174,6.6
tt5884234,5.5
tt1213641,7.1
tt6061074,6.1
tt4882376,7.5
tt3401882,6.0
tt2828840,7.0
tt6491170,6.8
tt2186781,6.9
tt1686039,5.7
tt2361602,5.4
tt2039338,5.7
tt8176578,6.7
tt1907668,6.7
tt8239736,5.2
tt1975159,4.4
tt4627104,4.7
tt0817177,7.4
tt4136084,6.7
tt4248930,6.9
tt4248930,4.7
tt5507860,7.7
tt2351310,7.1
tt1210059,6.1
tt1541160,6.3
tt2381941,6.8
tt1853563,7.6
tt6039284,7.6
tt1068242,6.6
tt1445520,7.3
tt1405500,6.8
tt1570583,5.6
tt1566501,6.6
tt1648201,7.0
tt1996264,5.8
tt1043800,5.6
tt1730294,5.0
tt4572820,7.6
tt1992138,6.2
tt2121382,6.8
tt2611626,5.1
tt4103724,7.4
tt1492842,6.0
tt6679412,6.2
tt1567233,7.0
tt5127300,5.9
tt5127300,3.7
tt2093995,6.2
tt3457734,4.8
tt2607640,5.4
tt1343703,7.3
tt2149360,6.4
tt2368855,6.4
tt1341167,7.0
tt2609156,6.3
tt1605717,6.9
tt1290138,5.6
tt1290138,5.6
tt1239242,5.9
tt4086032,5.8
tt3295482,4.5
tt1925435,5.7
tt1142977,6.8
tt5117484,4.6
tt1152822,6.6
tt1817771,5.8
tt1817771,5.8
tt0938305,5.1
tt1621039,5.8
tt2617828,7.7
tt3259178,4.9
tt3671480,4.9
tt1839482,5.3
tt7775622,8.0
tt1124037,6.6
tt2298394,5.0
tt3203290,7.2
tt1658801,7.3
tt1815708,4.9
tt1323044,4.3
tt1579232,4.7
tt2325002,5.5
tt3098306,5.7
tt4209900,6.7
tt2277308,5.5
tt3352390,5.5
tt1632708,6.6
tt1247657,6.6
tt1438176,6.0
tt1179034,6.2
tt0893412,5.2
tt4310772,5.3
tt4030442,5.5
tt2510028,6.3
tt1323045,5.8
tt1611845,5.8
tt2294629,7.3
tt2334649,7.4
tt4184744,6.3
tt5829040,5.7
tt1663143,5.5
tt1951133,5.9
tt2820852,7.3
tt5291792,5.6
tt0492389,4.6
tt2713180,7.4
tt5737536,4.2
tt1583421,5.5
tt1559038,6.5
tt2461034,7.2
tt7291268,7.7
tt6188002,5.0
tt0829176,4.1
tt2315596,6.1
tt0404978,5.2
tt1772872,5.1
tt2704998,6.9
tt3317234,5.5
tt1446072,5.1
tt7241654,5.1
tt7241654,5.1
tt4141260,6.1
tt1321870,6.3
tt4293752,6.5
tt2795078,7.1
tt4499228,5.1
tt2205904,6.9
tt6263642,7.1
tt0459748,5.8
tt5268348,7.4
tt1703957,6.5
tt3751300,7.1
tt3751300,7.1
tt2235902,6.6
tt1113829,7.9
tt1981128,5.8
tt1981128,5.8
tt3748172,6.4
tt1495776,3.4
tt3398436,5.7
tt2561572,6.0
tt1226229,5.9
tt1756529,6.4
tt6714534,7.1
tt5052448,7.5
tt1935940,6.3
tt1468846,5.2
tt2473602,6.7
tt4045894,5.3
tt1567609,6.5
tt2167202,5.1
tt2246724,5.4
tt4683366,6.0
tt4365566,5.1
tt1071875,4.8
tt5115546,4.6
tt2272336,4.5
tt1219827,6.0
tt4337072,6.5
tt1974393,5.0
tt1289401,5.4
tt4976984,6.1
tt5725894,4.5
tt6225534,5.4
tt4705740,6.0
tt3101132,4.8
tt4481414,7.9
tt6495526,7.2
tt1714917,7.0
tt1657510,6.7
tt1293561,4.8
tt3178174,7.5
tt6137494,4.7
tt2444946,7.0
tt1682246,5.2
tt1817676,5.5
tt2554842,4.7
tt5957584,6.3
tt1686042,6.5
tt3597448,5.8
tt3597448,5.8
tt2962984,4.7
tt3655522,6.3
tt3655522,6.3
tt1884318,3.5
tt4425152,6.4
tt3564472,6.8
tt1555440,5.9
tt4632316,8.4
tt2049586,7.9
tt2618368,6.5
tt0377981,5.8
tt2436516,5.7
tt1307926,6.0
tt4437216,5.3
tt1577052,5.5
tt1785389,7.0
tt2141751,6.7
tt5073020,7.1
tt2181959,4.9
tt6083388,5.3
tt2528814,6.1
tt4824308,5.8
tt6652708,7.0
tt5635086,7.8
tt2920808,5.8
tt1384961,6.2
tt2404233,5.4
tt0831387,6.1
tt8478602,5.4
tt2568862,6.6
tt1322312,6.0
tt1800302,6.6
tt1800302,6.6
tt1562859,5.4
tt1838544,6.0
tt2230954,6.0
tt5503472,6.4
tt2267998,7.9
tt1729674,5.6
tt1617250,5.7
tt1885265,6.1
tt2170427,6.4
tt4954458,6.4
tt2505938,7.0
tt1361318,5.4
tt4846232,7.1
tt1653665,7.1
tt1618447,6.2
tt1618447,6.2
tt2352802,5.4
tt2437548,5.0
tt2551516,5.3
tt6057032,6.6
tt2417712,5.7
tt1051904,6.2
tt1051904,6.2
tt5664636,5.6
tt1801552,5.2
tt2963344,4.6
tt2349460,6.3
tt2095649,6.0
tt2131523,6.1
tt4936450,6.7
tt2476154,4.4
tt4270516,6.4
tt1703199,6.2
tt2231554,5.4
tt1454468,7.2
tt2822578,6.0
tt2736822,6.3
tt2950418,7.3
tt3181588,5.9
tt6966692,8.3
tt1133985,5.1
tt0947810,6.4
tt1234654,5.9
tt2281267,7.4
tt6191390,4.3
tt3693042,4.8
tt1588886,3.7
tt3721964,5.9
tt6071534,6.9
tt5648966,7.5
tt1375670,6.1
tt2191701,5.9
tt1300159,5.2
tt1661382,6.0
tt2015381,7.9
tt3896198,7.7
tt2556114,5.4
tt1320261,5.1
tt1560954,5.5
tt3910736,4.8
tt2201532,4.8
tt1675161,5.2
tt1506459,3.2
tt2252552,3.8
tt1438298,7.6
tt1723642,5.1
tt3173594,6.4
tt2119532,8.1
tt2119532,8.1
tt7323600,5.9
tt0475290,5.9
tt6634646,5.6
tt4738776,5.2
tt0480687,5.5
tt3635788,4.1
tt1502407,6.4
tt3483612,6.5
tt2193418,4.5
tt1781827,6.1
tt5809020,5.3
tt3245656,4.3
tt4441422,4.5
tt3011960,5.8
tt0993842,6.6
tt2381962,2.8
tt1428538,5.9
tt1872880,6.3
tt1613092,7.2
tt1613092,7.2
tt6423886,5.9
tt5472758,6.2
tt2955096,5.1
tt5308322,6.6
tt3017412,5.2
tt1402488,5.9
tt3660682,6.7
tt4780662,6.7
tt3660682,6.7
tt4780662,6.7
tt5189770,5.3
tt1683876,7.7
tt2171902,6.7
tt6752992,7.5
tt1664892,6.2
tt1481572,6.5
tt3397918,4.5
tt1220627,3.3
tt3257550,5.6
tt3518988,6.8
tt2898306,6.7
tt3319844,6.9
tt0926084,7.7
tt1201607,8.1
tt6922018,8.3
tt1827528,7.0
tt5129156,4.1
tt1270835,5.5
tt1870419,5.5
tt4865436,5.7
tt2386278,5.2
tt2345567,6.0
tt2544472,3.7
tt4338154,6.4
tt2830416,7.8
tt1861343,4.6
tt1506999,5.6
tt3170972,3.2
tt3065132,6.4
tt2386404,6.1
tt2740538,3.5
tt2076216,4.5
tt4518962,4.6
tt1614989,7.3
tt3922350,5.9
tt5147214,6.4
tt1730689,5.8
tt5239942,8.1
tt4935446,6.8
tt4935446,6.8
tt2231251,5.8
tt1465487,6.6
tt7158430,7.4
tt5701718,5.6
tt3663040,5.1
tt2244889,7.1
tt2006753,4.9
tt7220754,7.0
tt1626146,6.8
tt3276924,5.8
tt5112932,5.8
tt2465308,5.0
tt2852376,6.4
tt2327321,5.6
tt2318527,5.0
tt1999890,5.5
tt4267026,6.4
tt8707374,5.4
tt1748043,6.5
tt2582782,7.3
tt1653913,5.9
tt1430116,4.7
tt3186318,5.8
tt3305844,3.9
tt1876330,6.0
tt2063666,5.9
tt1716747,3.1
tt1753899,6.3
tt4944352,8.0
tt1270766,6.2
tt3703836,5.4
tt3703836,5.4
tt1798709,7.9
tt1798709,7.9
tt1267297,5.6
tt3985956,5.6
tt3499424,4.3
tt1127886,5.5
tt4814760,5.8
tt1648179,6.0
tt6069162,4.9
tt8332364,4.9
tt1212419,5.9
tt7784604,7.0
tt4226970,6.7
tt4467202,6.7
tt1403177,7.0
tt6334884,4.8
tt2131532,6.5
tt3289362,7.8
tt4846340,8.0
tt4846340,8.0
tt2320388,4.9
tt2320388,4.9
tt6752320,5.8
tt1247667,5.8
tt1247667,5.8
tt3451230,7.1
tt1562568,5.9
tt2924392,4.9
tt2980794,7.1
tt4594050,7.1
tt1986857,3.6
tt5646136,6.3
tt3850544,6.4
tt2344678,3.4
tt1693679,4.0
tt1244093,3.5
tt2402619,5.2
tt0975645,6.5
tt3748512,7.4
tt2679042,5.6
tt3145220,5.0
tt1640459,5.9
tt2240312,3.5
tt5057140,5.2
tt4419364,4.8
tt3569326,5.9
tt2545538,4.1
tt4864624,5.5
tt4026562,4.9
tt6649066,6.1
tt1255919,4.1
tt2298224,4.4
tt5278464,7.1
tt2076220,7.0
tt1143896,5.9
tt2075392,5.4
tt2089701,5.4
tt2093100,5.4
tt2224026,6.8
tt5121236,6.8
tt5775862,6.8
tt5884960,6.8
tt2545384,4.7
tt4047846,4.7
tt7281238,4.7
tt5719700,5.9
tt2051894,6.3
tt2802136,5.2
tt2312718,6.5
tt2558484,6.5
tt3103632,4.8
tt4210992,4.8
tt5450084,7.3
tt1657283,6.2
tt7021508,6.4
tt3177316,5.4
tt2828884,6.0
tt1411704,5.6
tt3610576,4.0
tt1535438,6.1
tt5516404,4.9
tt1499658,6.5
tt2170439,6.2
tt1684555,6.0
tt2242176,5.3
tt2652948,4.9
tt5207262,6.3
tt5085522,5.4
tt5478478,6.7
tt5478478,6.7
tt2854394,4.1
tt1445203,7.4
tt4382552,6.0
tt2967224,5.6
tt3416536,6.9
tt3416536,6.9
tt1231587,6.0
tt2637294,5.1
tt5834262,5.9
tt1529559,5.9
tt2403883,5.8
tt0837562,6.9
tt2510894,6.7
tt5220122,6.8
tt2094018,6.5
tt1608368,4.9
tt1740762,4.0
tt1582507,5.8
tt1309374,4.3
tt1068953,4.5
tt1464539,5.5
tt1773467,3.8
tt1660379,6.5
tt1788383,4.3
tt3504048,6.6
tt1980986,5.2
tt5518022,7.9
tt1341188,5.1
tt1588875,6.1
tt1894476,6.6
tt5246700,5.1
tt8404272,7.4
tt4555594,6.0
tt1292566,6.1
tt4795124,6.3
tt2479384,6.9
tt4144504,6.9
tt1715802,8.3
tt1241017,4.6
tt2124803,7.7
tt0892769,7.7
tt1646971,7.7
tt4370256,7.4
tt1049402,6.8
tt0970179,7.1
tt3327994,8.6
tt6573444,7.1
tt1815746,4.3
tt3678938,6.5
tt3036740,3.4
tt4698684,7.8
tt1563719,5.1
tt3717316,6.4
tt1846589,6.3
tt1270291,5.6
tt3231390,5.8
tt3231390,5.8
tt4007248,6.3
tt6113122,5.5
tt4902012,6.6
tt5022702,6.8
tt7255884,6.8
tt1504403,5.4
tt1477855,5.3
tt2644800,5.0
tt4008652,7.0
tt4647900,7.0
tt3910602,7.2
tt1356790,7.8
tt4057376,6.7
tt2871256,4.8
tt6739646,7.6
tt3713030,5.9
tt3713030,5.9
tt4303340,6.2
tt1464540,6.0
tt2526846,6.4
tt1596352,6.3
tt2649194,5.8
tt3212232,4.9
tt2076862,5.3
tt5059406,4.1
tt4170344,7.4
tt4170344,7.4
tt6450186,7.6
tt1549584,4.5
tt3234084,4.8
tt1742650,5.2
tt3278224,8.1
tt6791096,6.4
tt2244901,5.4
tt1667838,6.1
tt5116248,4.5
tt1691920,5.8
tt2884206,7.6
tt4966532,6.4
tt3640682,6.1
tt3640682,6.1
tt1242432,6.3
tt2537176,6.1
tt2160105,6.8
tt6169694,6.1
tt1657512,6.1
tt2147728,6.1
tt1995329,5.2
tt2179087,4.3
tt2670556,7.2
tt3236120,6.3
tt4679136,6.8
tt4950110,6.9
tt2243389,5.8
tt1356864,6.0
tt1618432,5.2
tt5168192,7.7
tt5168192,7.7
tt1418377,5.2
tt5580036,7.5
tt5580036,7.5
tt2679552,5.3
tt3685236,5.8
tt8852552,5.2
tt6333060,7.8
tt6687948,7.8
tt3416828,5.9
tt1667889,6.3
tt1411276,6.3
tt4431208,7.8
tt3104304,4.2
tt6341668,7.8
tt2557256,4.9
tt5460880,6.6
tt2024432,5.8
tt7125860,7.2
tt4042994,7.4
tt3063462,6.9
tt1355630,7.4
tt3202374,4.8
tt1787725,6.5
tt3967878,6.2
tt1253864,5.8
tt3331028,6.7
tt3331028,6.7
tt4781612,6.4
tt2250564,6.9
tt2741806,6.9
tt2250564,6.9
tt2741806,6.9
tt1417075,7.2
tt5164184,6.0
tt1534084,5.2
tt0326965,5.4
tt1945087,5.5
tt4801232,5.9
tt6497898,7.1
tt1790869,5.3
tt1637688,6.8
tt2101569,7.0
tt4151154,7.0
tt6676028,6.5
tt3608930,5.8
tt2294677,6.4
tt2101570,5.5
tt7381444,4.5
tt5723272,7.0
tt1845804,7.1
tt4097612,6.6
tt1390411,6.6
tt1390411,6.6
tt1714209,6.1
tt4286666,6.3
tt1754811,3.1
tt1687277,5.0
tt1722450,7.2
tt2184207,3.4
tt3216348,5.2
tt1255953,8.1
tt1375666,8.3
tt6678874,3.7
tt3481634,5.7
tt3606756,7.6
tt1628841,5.1
tt2645670,4.2
tt5720450,3.6
tt1942884,7.8
tt2815072,4.7
tt4193394,6.5
tt6512428,5.4
tt2215151,7.7
tt3062096,5.9
tt3062096,5.9
tt3327624,5.2
tt3839880,6.5
tt4621016,7.6
tt5962210,6.5
tt1196340,6.1
tt1650537,4.9
tt3038142,4.7
tt5325604,4.3
tt8443902,4.7
tt1645089,7.8
tt2042568,7.2
tt1640486,4.4
tt1865538,4.4
tt2064820,4.4
tt2071483,4.4
tt2096673,8.0
tt2226417,6.6
tt3195644,6.2
tt5726086,6.1
tt4447090,4.9
tt7401588,7.6
tt2378281,7.6
tt2908446,6.3
tt2352488,5.6
tt5291862,4.2
tt4497338,4.9
tt0816692,8.2
tt2061712,5.3
tt1972663,7.2
tt5029642,5.8
tt1694021,5.3
tt4846318,7.0
tt2673812,7.4
tt2106361,5.8
tt2180411,5.7
tt3014556,3.7
tt2495118,6.3
tt4157220,7.6
tt1520956,4.9
tt1228705,6.8
tt1300854,6.9
tt1034314,5.7
tt1233301,6.1
tt3715320,6.4
tt6119856,7.0
tt1533053,6.1
tt1817287,7.2
tt1345777,6.4
tt5566778,4.1
tt5104604,7.9
tt5108168,4.6
tt4287348,5.2
tt5287488,5.2
tt1396484,7.2
tt1396484,7.2
tt2186812,6.3
tt4695012,5.8
tt2328922,5.5
tt0804497,7.0
tt2396224,8.2
tt1319716,4.6
tt2072134,4.3
tt3501590,5.6
tt3501590,5.6
tt2141789,5.8
tt2088745,7.2
tt3263520,6.9
tt4309356,7.5
tt4135844,6.7
tt1616195,6.2
tt2176013,6.9
tt0850677,4.4
tt1278379,6.1
tt4797436,4.7
tt0790724,6.4
tt3393786,5.6
tt3393786,5.6
tt1205537,6.1
tt2785288,6.5
tt0810913,4.1
tt2552498,3.2
tt1351685,5.6
tt1552423,4.2
tt6104206,5.4
tt1116184,6.3
tt1619029,6.4
tt3975556,4.9
tt2382422,5.6
tt4129428,5.8
tt5141686,6.2
tt4288636,6.4
tt1673734,6.5
tt2381046,5.4
tt7207238,7.7
tt7207238,7.7
tt1229822,7.1
tt3302654,7.0
tt3707114,7.4
tt4196776,6.1
tt2673882,7.6
tt2083231,5.3
tt2511670,6.4
tt1568335,7.3
tt1588334,6.2
tt3614530,5.4
tt3614530,5.4
tt3289712,5.5
tt1742044,6.9
tt2713642,3.3
tt2385006,6.7
tt1562563,5.0
tt4544008,5.2
tt2300975,5.2
tt5213744,5.4
tt4818250,5.8
tt3348730,6.1
tt7214762,7.6
tt5278466,7.9
tt2060510,7.3
tt3135556,5.4
tt3110960,6.7
tt1562899,4.1
tt7253506,7.3
tt1568150,6.9
tt2357129,6.1
tt1935156,8.0
tt3532296,6.6
tt3614128,6.6
tt0401729,6.1
tt1783732,6.3
tt1418754,6.6
tt9777830,7.3
tt2911666,7.2
tt4425200,7.0
tt1634122,6.1
tt6921996,6.2
tt2836628,4.5
tt1075747,4.6
tt5639446,5.9
tt6333072,7.2
tt4661798,5.4
tt4682780,5.2
tt1397514,5.9
tt4292554,6.5
tt5273624,6.5
tt2446980,6.5
tt1710396,6.4
tt1242642,5.7
tt1547230,4.7
tt2620736,5.3
tt2582426,5.0
tt1533058,5.0
tt1512685,6.7
tt5607096,6.4
tt4326444,7.0
tt2283362,6.7
tt2283362,6.7
tt1640484,6.0
tt3379814,3.8
tt3758172,6.2
tt1242543,7.3
tt4995590,7.5
tt1617661,5.3
tt3469284,3.0
tt0369610,6.6
tt4881806,6.5
tt2980472,6.3
tt5721088,4.9
tt5721088,4.9
tt1564367,6.4
tt1407061,6.2
tt3837166,4.9
tt5143890,4.1
tt0974015,6.2
tt0974015,6.2
tt1702443,5.1
tt1639826,5.5
tt7838252,7.1
tt3794204,7.0
tt5071886,5.8
tt1523483,5.7
tt5477608,6.3
tt1825833,6.7
tt2525156,4.5
tt5049636,5.1
tt1373156,6.0
tt5278592,4.8
tt2215719,6.8
tt4139124,6.0
tt2531334,5.1
tt2011953,6.2
tt2387499,6.0
tt4900018,6.8
tt3082826,5.9
tt1999192,7.4
tt2609912,6.9
tt4669186,6.5
tt1455811,4.9
tt2166214,4.7
tt3554418,6.8
tt1487931,5.6
tt2372222,6.0
tt1250777,7.1
tt1650554,6.4
tt3082898,4.6
tt4254584,6.6
tt0780548,6.2
tt1458169,6.0
tt1629377,6.3
tt2388558,7.2
tt2917388,5.9
tt4537362,1.4
tt2991008,5.1
tt6019206,7.9
tt2667380,5.3
tt3380264,5.1
tt3024324,4.8
tt3586930,4.0
tt1523485,4.2
tt5020372,3.8
tt5464234,4.7
tt1311071,7.2
tt1416801,6.9
tt1216491,6.6
tt1448755,6.2
tt3449040,6.0
tt1103153,5.8
tt1535101,6.6
tt5689068,4.5
tt2967226,4.7
tt3798698,5.8
tt1480295,5.5
tt1764234,6.0
tt3640710,7.3
tt6017942,6.2
tt4763168,4.7
tt1972591,6.5
tt5129682,5.9
tt5129682,5.9
tt3863484,6.9
tt2062966,4.7
tt6759506,6.0
tt1332134,7.3
tt2004271,6.8
tt7321274,7.3
tt5595168,6.8
tt4649466,7.0
tt2017634,5.6
tt5224012,7.5
tt6796306,7.5
tt2044801,4.3
tt1198101,5.8
tt3138698,7.9
tt5084198,8.5
tt1885281,6.6
tt1013743,6.0
tt3605418,5.0
tt1691453,5.1
tt1606259,5.4
tt6284256,5.8
tt2343601,6.6
tt3204254,4.4
tt1524131,5.0
tt1700258,6.4
tt3731562,6.3
tt1630603,7.0
tt3578504,6.8
tt3850590,6.0
tt5714322,4.4
tt2578608,2.4
tt3527772,3.0
tt4820312,2.6
tt1029231,5.1
tt2659374,6.3
tt4302938,7.7
tt1302011,6.7
tt2267968,6.7
tt6131712,6.2
tt1726589,5.3
tt2735292,3.9
tt4819576,6.0
tt6794424,8.3
tt2660332,6.6
tt1592873,6.1
tt3783958,7.9
tt3783958,7.9
tt1967545,6.9
tt4925292,7.3
tt4925292,7.3
tt4327752,6.0
tt2947556,5.0
tt2034031,6.1
tt2948078,3.5
tt4028134,2.8
tt3283556,5.6
tt3421124,4.4
tt5737862,6.5
tt5804412,6.5
tt2392385,4.4
tt1583420,5.8
tt2547172,4.6
tt1723126,7.6
tt3279124,7.6
tt6018306,6.9
tt2375093,5.8
tt1745740,4.5
tt2493486,6.3
tt6333074,6.9
tt1294688,6.1
tt1740794,6.1
tt2719868,6.1
tt2949890,6.1
tt1204975,6.4
tt2435458,4.6
tt3326880,5.3
tt1212450,7.0
tt3341084,7.0
tt1132449,5.3
tt4027504,6.6
tt1508675,6.9
tt3510718,6.1
tt5481184,5.3
tt1216492,6.7
tt1537401,6.7
tt3062976,6.1
tt2620590,5.3
tt3892172,6.8
tt3288290,7.3
tt2414166,8.1
tt2467046,4.0
tt4661680,4.6
tt1436034,5.2
tt1508676,5.2
tt3569230,6.8
tt3569230,6.8
tt2182001,7.3
tt1219342,6.6
tt1563704,6.4
tt1038686,5.3
tt1236472,7.4
tt5973364,4.4
tt2345613,3.7
tt1707386,7.4
tt6379314,7.8
tt1228987,6.7
tt5804314,6.2
tt6184774,6.2
tt2119463,7.6
tt1924435,6.3
tt3655682,4.4
tt2980708,5.6
tt4113114,5.8
tt1462054,6.9
tt0892318,6.9
tt4006302,4.8
tt4447108,4.7
tt5652382,4.7
tt2802154,7.5
tt3496790,7.3
tt1865545,5.1
tt1872818,6.3
tt6710214,6.4
tt2948840,6.1
tt5442430,6.4
tt1518809,6.2
tt2581244,5.2
tt1828232,8.6
tt2382298,7.7
tt5989218,7.1
tt2870808,6.0
tt1687247,7.3
tt0454876,7.3
tt2708254,6.8
tt5619332,6.2
tt3727202,5.6
tt3727202,5.6
tt3917210,7.8
tt7188978,6.7
tt1492959,7.3
tt4786282,6.3
tt5328340,6.3
tt1758692,6.5
tt7170950,6.4
tt3627854,5.9
tt7441032,5.2
tt3442990,5.7
tt2560102,7.2
tt1576450,5.9
tt1219289,7.1
tt0443272,6.8
tt5896962,5.9
tt2359427,6.9
tt3741834,8.1
tt3741834,8.1
tt7293380,6.9
tt3093546,6.0
tt4145178,7.5
tt1274296,7.6
tt5758802,5.2
tt1319718,6.8
tt1623745,6.0
tt5292624,5.6
tt1810683,7.0
tt5113086,3.8
tt1614456,4.7
tt2937366,5.7
tt0970866,5.6
tt6957966,6.8
tt4919484,6.5
tt1614430,6.1
tt1617178,7.0
tt3007524,5.0
tt5434870,6.4
tt2215267,6.2
tt6495094,6.8
tt2946498,5.0
tt2361317,6.2
tt2361317,6.2
tt4355574,6.1
tt3334418,5.4
tt3915966,7.8
tt3915966,7.8
tt2625598,6.5
tt7089878,7.4
tt5160938,5.7
tt2459038,2.1
tt5275828,6.7
tt1597033,4.1
tt1398028,4.2
tt1592525,5.9
tt3315342,7.8
tt5439796,6.7
tt1710417,5.0
tt1213648,5.9
tt1273221,5.3
tt3300542,5.9
tt1724597,6.6
tt1091191,7.4
tt1728978,5.5
tt5834760,5.9
tt6083648,4.5
tt4840666,5.5
tt1276104,6.8
tt1405810,7.4
tt6004848,7.5
tt3828858,5.3
tt3828858,5.3
tt4355236,5.1
tt2564978,3.1
tt4440036,6.5
tt2866660,6.7
tt2866660,6.7
tt3809276,5.0
tt4242158,6.3
tt6338476,6.4
tt6926236,6.4
tt2936884,6.2
tt2936884,6.2
tt4363250,5.0
tt0979434,5.7
tt1641401,5.7
tt1541874,5.3
tt2202471,6.0
tt3774694,6.0
tt8212482,6.0
tt2388759,4.9
tt3068194,6.2
tt0758752,6.9
tt4686108,5.7
tt4686108,5.7
tt2027154,4.7
tt6455992,6.4
tt1459012,6.5
tt4837126,6.9
tt1854236,5.9
tt1854236,5.9
tt2259122,6.4
tt2639344,6.5
tt3837248,7.5
tt3249478,6.7
tt2243393,7.6
tt1125929,6.1
tt1976989,5.9
tt2238839,6.8
tt2279339,5.8
tt1519663,5.1
tt5424228,7.2
tt1638002,7.8
tt5164432,8.2
tt1436559,5.3
tt1426329,6.0
tt5707048,8.0
tt2404299,5.0
tt4669986,6.7
tt4669986,6.7
tt3262342,8.2
tt3262342,8.2
tt1717158,5.0
tt1864405,5.6
tt1918924,4.6
tt6830780,6.5
tt6175078,7.0
tt1473397,4.9
tt1702543,4.9
tt1852838,4.9
tt5859238,7.5
tt2417854,4.4
tt1682187,6.0
tt2872732,6.3
tt2210781,6.0
tt3201722,4.1
tt8439854,6.6
tt2106529,5.1
tt1918927,4.5
tt2186933,6.1
tt5091530,6.2
tt4717402,7.1
tt1870425,5.1
tt1470023,5.3
tt2884018,6.5
tt2884018,6.5
tt0985694,6.3
tt2002718,5.5
tt1623757,6.9
tt1586752,6.5
tt6237224,5.7
tt6086080,4.3
tt1392190,7.4
tt1277953,6.5
tt1371155,6.6
tt1787759,6.7
tt2215285,5.6
tt6101602,6.6
tt2506388,5.5
tt6260468,7.7
tt2855648,6.9
tt3663564,5.6
tt1881002,5.3
tt1929308,5.2
tt1915581,6.1
tt2268016,6.2
tt2870756,6.5
tt4137324,7.0
tt5471480,7.0
tt7465992,7.5
tt4851630,7.7
tt1365483,3.7
tt7316358,5.4
tt7798844,6.6
tt3314958,6.7
tt1587310,7.0
tt2386237,5.0
tt6197494,5.5
tt2023587,6.1
tt6911608,7.2
tt2378776,6.6
tt3064298,6.6
tt2378776,6.6
tt3064298,6.6
tt0770828,6.5
tt2016940,6.0
tt1568338,6.3
tt3103326,7.6
tt2060525,5.2
tt2060525,5.2
tt4034228,7.5
tt4034228,7.5
tt2304771,6.9
tt6998518,6.2
tt3100274,6.1
tt2608324,4.8
tt1778931,6.4
tt2294729,4.9
tt3275216,6.0
tt2318268,5.5
tt5275838,7.2
tt7339826,7.0
tt1773753,5.1
tt6047906,6.6
tt3963816,5.7
tt1083462,4.9
tt2168854,4.9
tt0466893,6.3
tt1615147,6.8
tt4978710,6.0
tt5175450,5.8
tt1183919,7.6
tt1392197,5.1
tt1305591,5.7
tt5301662,7.3
tt5301662,7.3
tt3253930,7.1
tt1441326,6.7
tt4943934,3.0
tt1391092,7.3
tt3001638,7.2
tt5028340,6.6
tt2328900,6.6
tt4635372,6.9
tt4936176,5.6
tt2290840,7.8
tt4010862,5.0
tt2461150,5.7
tt2210809,5.4
tt2637378,6.1
tt3369806,6.8
tt5843838,6.6
tt1472584,5.2
tt1472584,5.2
tt2119474,5.0
tt0825283,4.7
tt2492664,5.9
tt8765496,6.1
tt6685596,7.0
tt4348012,6.4
tt4046784,6.6
tt2097298,7.3
tt6510332,8.2
tt2674426,7.7
tt2582496,7.6
tt2315200,6.8
tt2111478,7.7
tt3529656,6.2
tt2670882,5.4
tt3522806,5.6
tt3486542,6.8
tt3486542,6.8
tt1518812,6.5
tt3043176,4.1
tt1291549,5.4
tt4191580,4.4
tt1810697,5.1
tt4566574,3.8
tt3152098,3.0
tt5758726,6.2
tt1001526,6.8
tt1087461,5.2
tt4899370,7.1
tt1527186,7.1
tt6313378,6.4
tt5729348,7.4
tt3877674,6.6
tt1409024,6.4
tt1729211,6.5
tt3179568,6.5
tt6333086,6.4
tt1728979,5.5
tt3598222,4.3
tt3675568,7.7
tt8139850,6.8
tt1753786,4.7
tt1213590,5.6
tt2481496,4.7
tt3290562,4.7
tt5710042,4.3
tt1740710,6.3
tt2545428,7.6
tt2649128,6.4
tt1845838,7.5
tt6343706,7.1
tt5275844,7.3
tt2113007,7.3
tt6163356,6.2
tt5613484,7.5
tt4981636,7.0
tt1211890,6.5
tt1068961,6.6
tt2649554,6.3
tt2257816,4.7
tt4799066,7.7
tt1605783,7.5
tt2823054,6.0
tt4560436,6.0
tt0790770,6.7
tt0790770,6.7
tt2370224,7.2
tt1647668,6.8
tt1720164,3.8
tt4799064,6.3
tt7476236,7.9
tt1928337,5.5
tt2087878,7.5
tt2293640,6.4
tt5861630,4.8
tt5861630,4.8
tt4257926,7.1
tt6908274,7.6
tt7964424,7.6
tt6900448,7.4
tt1366409,6.1
tt1667353,5.8
tt2872810,4.7
tt1763256,4.6
tt3658772,5.5
tt3132632,6.1
tt3207160,3.7
tt1911600,6.3
tt2667960,5.8
tt7281126,5.0
tt3128900,5.3
tt1129427,4.9
tt1935859,6.7
tt1784538,7.7
tt4540710,7.4
tt4540710,7.4
tt2693580,6.8
tt2245003,7.4
tt2245003,7.4
tt2916510,5.4
tt2004304,7.7
tt5959952,7.7
tt4912910,7.3
tt1229238,7.0
tt2381249,7.1
tt2349144,6.0
tt2234275,7.1
tt2872462,6.5
tt1757800,6.4
tt3521164,7.5
tt3521164,7.5
tt2125685,4.0
tt3859980,6.4
tt2322517,4.9
tt2388705,6.4
tt2445178,5.0
tt4209788,7.1
tt4209788,7.1
tt3181776,5.8
tt3612616,8.3
tt6442978,7.3
tt3014666,5.7
tt4715356,5.4
tt2241351,6.4
tt1210166,7.1
tt3660770,6.6
tt4820278,4.1
tt4872896,4.9
tt1692214,5.5
tt1716753,4.3
tt5898034,5.9
tt3781476,5.8
tt6170484,6.3
tt6269658,5.4
tt6556576,5.5
tt1470827,6.2
tt1453405,7.0
tt7689906,5.6
tt1067774,6.2
tt3872778,7.1
tt2027140,6.1
tt4975722,7.4
tt4975722,7.4
tt1748122,7.7
tt3705822,3.4
tt2718440,6.2
tt2718440,6.2
tt1943765,6.7
tt4520364,5.7
tt1126618,6.3
tt3652862,6.0
tt1571234,6.0
tt3045616,5.4
tt2281365,6.5
tt1978480,6.6
tt4866448,5.3
tt6566830,5.9
tt2094890,6.6
tt1434435,6.4
tt4824302,5.9
tt2395339,5.1
tt4397414,7.7
tt6203570,7.9
tt3529664,5.4
tt1333125,4.4
tt2388771,6.6
tt4196848,7.2
tt3168230,6.5
tt2507280,4.9
tt0864835,6.6
tt2722504,6.4
tt1396218,5.8
tt6212496,6.1
tt4701702,7.1
tt2473794,6.5
tt2207484,3.3
tt2396589,7.6
tt2061756,6.3
tt1720172,4.3
tt2281587,6.2
tt2429640,3.4
tt2481554,4.9
tt3402236,6.7
tt3402236,6.7
tt2492916,7.2
tt4958448,6.5
tt3966404,8.0
tt6589292,6.5
tt1464763,5.6
tt7286958,5.6
tt2112210,5.9
tt3760922,5.8
tt4550420,6.0
tt2076897,7.0
tt4411596,5.5
tt5538568,6.9
tt5538568,6.9
tt4242100,6.5
tt2291540,6.4
tt2291540,6.4
tt1447793,5.9
tt4048050,6.8
tt4048050,6.8
tt5791536,7.2
tt7745068,8.3
tt1646114,6.9
tt1646114,6.9
tt4029998,6.4
tt2908228,6.9
tt4450396,5.8
tt5474644,6.3
tt3529198,7.2
tt4131800,6.8
tt1896788,6.5
tt2166934,4.5
tt4994736,7.4
tt1188996,7.8
tt2908856,6.3
tt6055082,5.4
tt1641624,5.6
tt0872230,5.4
tt3980530,4.6
tt2076176,6.4
tt2266789,6.4
tt2452266,6.4
tt5264718,6.4
tt2076176,7.6
tt2266789,7.6
tt2452266,7.6
tt5264718,7.6
tt1655420,6.7
tt1718835,5.3
tt1705125,4.3
tt3405714,6.0
tt3478232,5.9
tt5327922,6.2
tt5456798,6.3
tt3608646,6.2
tt2106550,5.7
tt3742284,7.0
tt2122424,4.4
tt6048930,5.8
tt1787767,6.0
tt6509058,5.7
tt3725284,5.5
tt3282858,6.0
tt0365545,7.3
tt2504022,7.0
tt1957938,4.8
tt3549508,7.3
tt3121332,5.3
tt5525310,7.0
tt3720794,7.7
tt3671086,5.1
tt1621426,6.3
tt3667792,5.4
tt3667792,5.4
tt1493157,3.5
tt4511566,4.0
tt1821549,7.4
tt3033478,6.3
tt3360828,5.1
tt2369135,6.1
tt1545315,5.1
tt2004420,6.2
tt4438848,5.7
tt5574372,5.3
tt5574372,5.3
tt4698584,6.3
tt3531824,7.1
tt7690016,6.4
tt5719786,6.5
tt1334260,6.8
tt2931140,6.8
tt2931140,6.8
tt2625030,7.4
tt1598822,5.8
tt6408226,5.8
tt6484982,7.0
tt5278578,6.7
tt7133686,7.0
tt2446600,7.4
tt3324494,5.8
tt1619037,5.3
tt1891942,6.9
tt3591436,6.5
tt6781982,6.0
tt1654523,6.6
tt3455822,7.7
tt2692250,6.1
tt3315380,5.0
tt3602128,5.6
tt2872718,7.7
tt3042800,6.2
tt3042800,6.2
tt2236160,4.7
tt5176442,6.0
tt5157052,4.5
tt0493076,5.4
tt2885628,5.4
tt4383594,5.6
tt3085500,3.5
tt2458106,6.2
tt3063470,5.9
tt2083271,8.5
tt1815852,6.6
tt1781922,6.8
tt2011159,5.8
tt3399112,6.9
tt1661862,5.7
tt2043993,6.9
tt2998406,4.3
tt1411238,6.2
tt3697566,7.0
tt3133722,5.5
tt5259966,7.3
tt1959490,5.6
tt1794886,5.9
tt1736636,6.1
tt6333064,6.0
tt1907731,4.9
tt8097306,5.9
tt3810810,5.5
tt4550098,7.4
tt4550098,7.4
tt7250056,5.4
tt2024469,6.8
tt5176390,5.8
tt1594972,4.2
tt1247683,5.9
tt2852432,7.4
tt1625150,7.2
tt1837613,5.8
tt1528769,4.2
tt6456222,6.2
tt1302019,2.6
tt7231572,6.9
tt3569356,4.2
tt1230215,5.7
tt3019694,6.8
tt2226495,5.2
tt5117222,7.2
tt1662293,4.8
tt1528313,5.8
tt3266284,5.1
tt3273434,5.7
tt4513316,6.6
tt1670345,7.4
tt3110958,6.8
tt1352388,4.2
tt3433358,6.2
tt5236900,6.6
tt3171764,3.9
tt7897102,5.6
tt4271820,6.8
tt1483013,6.5
tt2910274,6.7
tt1671582,5.2
tt3980310,6.7
tt6774786,4.2
tt5164214,6.9
tt6215044,3.6
tt1808360,5.2
tt1720182,6.8
tt1560776,5.6
tt3812366,7.1
tt1405413,4.1
tt1711525,5.6
tt6251024,5.2
tt1925479,5.7
tt2301039,5.7
tt4439102,4.5
tt3967856,7.5
tt6333090,7.2
tt1600429,4.0
tt2048824,7.0
tt1321511,5.9
tt2302755,6.2
tt1921048,7.1
tt2118701,6.4
tt1451762,6.8
tt4669788,7.4
tt1260365,4.9
tt2150415,4.9
tt2717558,6.6
tt0337692,5.6
tt1087524,4.8
tt4002772,6.3
tt4694544,5.2
tt1563738,7.2
tt2515086,8.1
tt5777628,8.5
tt5167966,6.9
tt2191765,5.8
tt1598828,5.5
tt1881024,4.9
tt5974626,4.8
tt7214842,4.8
tt5974626,7.2
tt7214842,7.2
tt1602613,5.8
tt3829920,7.0
tt1448762,4.7
tt1922679,5.1
tt1646926,5.5
tt2409818,5.1
tt3096948,6.1
tt4156972,6.1
tt3776826,6.3
tt3776826,6.3
tt5208252,6.7
tt6044910,6.4
tt6878882,6.5
tt1268987,4.9
tt5052524,6.3
tt1524134,4.1
tt1159721,4.4
tt4189494,6.2
tt6102594,6.2
tt4982250,5.3
tt2141875,4.3
tt4158876,6.6
tt4693358,6.6
tt1204977,5.1
tt7375304,4.0
tt4361050,6.0
tt4361050,6.0
tt1018765,5.9
tt1018765,5.9
tt1305583,5.5
tt2018069,5.0
tt1637706,6.1
tt1995390,6.0
tt2282662,6.6
tt5034266,6.5
tt7075594,5.5
tt4967094,7.8
tt2475454,7.0
tt1206543,6.6
tt6679794,6.9
tt3491962,5.6
tt1563742,6.3
tt1935194,6.1
tt4530422,6.7
tt1623205,5.8
tt5606742,3.9
tt2338151,7.8
tt1620933,7.5
tt1663662,6.8
tt2557478,5.9
tt1787777,6.9
tt1980209,6.1
tt3171176,4.1
tt1472460,6.0
tt2371411,5.7
tt3332064,5.9
tt3774802,4.5
tt1992193,7.1
tt2966760,6.8
tt2966760,6.8
tt3622592,6.0
tt1623288,6.8
tt1262990,5.1
tt4551318,8.0
tt6819126,8.0
tt2028530,7.7
tt2371834,6.5
tt2442620,4.5
tt4540434,4.5
tt3479316,6.1
tt1413495,5.7
tt1536044,5.7
tt1778304,5.9
tt2109184,5.4
tt2473510,5.2
tt2473682,5.3
tt2392846,3.1
tt1757831,3.1
tt1704201,2.7
tt3345472,6.8
tt3345474,6.3
tt1047540,5.8
tt7329858,6.7
tt7976502,6.7
tt1233334,7.0
tt2402163,5.0
tt1904996,5.8
tt2345112,6.1
tt6826438,7.3
tt1385956,7.1
tt3155242,6.1
tt2325717,6.5
tt2495104,4.4
tt2572030,5.5
tt1355644,6.8
tt1355644,6.8
tt2536884,7.3
tt2536884,7.3
tt2011183,6.0
tt2189418,5.6
tt5247022,7.1
tt5247022,7.1
tt3901962,4.6
tt8066972,6.7
tt1260680,4.3
tt5345298,4.9
tt3458254,4.7
tt4572514,6.9
tt4572514,6.9
tt6288250,7.0
tt1092026,6.5
tt3450650,5.0
tt7388562,7.1
tt1551630,5.6
tt1741243,5.8
tt3733778,5.3
tt1649780,6.0
tt1649780,6.0
tt1188113,6.1
tt0837156,6.1
tt2769828,5.3
tt1699755,5.2
tt3790720,7.0
tt0995868,7.2
tt8076344,7.7
tt1911658,6.4
tt4799426,7.3
tt5662802,5.7
tt1716777,6.8
tt4696310,5.8
tt5318534,5.1
tt6850820,6.5
tt0814255,6.1
tt1854564,5.9
tt7841496,6.3
tt6854248,6.5
tt6854248,6.5
tt2668800,6.6
tt1439572,6.8
tt2027231,5.7
tt4901306,7.9
tt6304968,7.9
tt2385169,3.2
tt5933560,5.6
tt1857824,4.4
tt1761005,5.1
tt5247026,5.4
tt1183374,5.8
tt2788732,6.3
tt5117670,6.5
tt5535814,7.4
tt3627704,5.1
tt1922685,6.0
tt3088580,6.0
tt5644726,7.2
tt3130734,5.8
tt3130734,5.8
tt5776858,7.2
tt5776858,7.2
tt1773015,6.9
tt2431286,7.4
tt6574272,5.6
tt5644050,7.4
tt2083294,6.7
tt1262414,6.0
tt3531202,5.9
tt6697634,5.9
tt1440266,7.4
tt2402985,6.1
tt2296909,7.3
tt2369205,5.6
tt0464154,5.3
tt1714203,4.2
tt1790809,6.6
tt1298650,6.4
tt2397531,6.3
tt1981677,7.3
tt2848292,6.8
tt4765284,6.5
tt4765284,6.5
tt4985848,3.6
tt6746304,6.9
tt1664775,7.1
tt2120120,5.6
tt3984054,7.2
tt1691917,5.8
tt2980706,6.0
tt2556874,6.1
tt3648510,6.6
tt1682940,3.9
tt2333262,3.9
tt2613286,3.9
tt3328720,5.8
tt1540128,5.6
tt0878835,6.3
tt2091327,4.7
tt2226519,5.7
tt3541080,4.2
tt8451018,6.2
tt2058673,5.6
tt3576060,7.0
tt2548208,6.0
tt3257582,6.2
tt4503906,6.1
tt9788036,6.1
tt2549540,5.8
tt8108230,6.5
tt2599716,5.8
tt1978447,5.9
tt1661420,7.8
tt1029360,5.1
tt1921064,5.4
tt6915100,7.3
tt3960412,6.6
tt4593196,5.5
tt5708172,3.6
tt1714886,6.4
tt2062622,4.8
tt3672120,5.2
tt3488328,5.4
tt2608726,5.3
tt3717490,6.2
tt5338774,7.0
tt5338774,7.0
tt2064905,4.6
tt5213870,5.4
tt1328913,6.4
tt4651410,5.1
tt1424381,6.1
tt4679210,7.2
tt2182256,5.4
tt1547234,6.2
tt1737674,7.5
tt3029476,5.6
tt1670995,8.4
tt7984338,5.5
tt1845849,5.4
tt4978274,6.3
tt4978274,6.3
tt3169706,7.9
tt1374989,5.7
tt0822847,5.5
tt2195548,6.2
tt0473075,6.2
tt6053440,6.8
tt3557464,7.2
tt1392214,8.0
tt5536610,6.9
tt1500512,5.6
tt5017936,6.7
tt5017936,6.7
tt6133130,7.3
tt2436386,6.5
tt7183578,6.8
tt1814836,6.8
tt1636826,6.4
tt1604171,6.0
tt1446714,6.4
tt2091473,6.2
tt4188202,7.2
tt7946422,6.2
tt6421110,5.5
tt2191888,5.9
tt1734477,6.6
tt2457282,7.6
tt3730510,5.2
tt3203890,6.0
tt2088012,6.4
tt1582248,6.8
tt2909476,4.6
tt2301900,3.9
tt5685006,5.7
tt1549571,6.0
tt0448694,6.3
tt2481238,6.8
tt6933454,6.7
tt1351224,4.7
tt1699231,5.1
tt2536086,3.8
tt2536086,3.8
tt3709442,5.5
tt3709442,5.5
tt3993894,6.1
tt4341582,7.1
tt7440432,8.0
tt1434443,6.5
tt0790736,5.6
tt7689964,7.8
tt1245526,6.6
tt1821694,6.5
tt3836480,4.2
tt1562871,5.4
tt2359810,6.8
tt0935075,6.8
tt3499096,7.2
tt1375789,5.5
tt2586120,6.2
tt2586120,6.2
tt1618448,8.0
tt1129396,5.0
tt6097798,6.3
tt3405236,6.6
tt2015468,5.9
tt2050601,5.9
tt2401807,5.2
tt2363213,5.6
tt3551954,7.2
tt3551954,7.2
tt5274066,6.3
tt5848272,7.2
tt2357926,6.2
tt5662932,7.3
tt0493949,6.3
tt2231461,6.2
tt3448226,5.6
tt4146622,5.0
tt1640548,5.5
tt4687276,4.6
tt1192628,6.6
tt1879032,5.1
tt1401143,6.5
tt2992590,5.1
tt2865120,5.5
tt4033926,6.0
tt3836512,5.0
tt4377952,6.1
tt3054840,5.5
tt6243140,5.4
tt6243140,5.4
tt2111392,5.3
tt1617172,3.8
tt1612319,4.8
tt5678110,5.8
tt1580346,7.2
tt0959306,5.2
tt2217458,6.7
tt1677720,7.6
tt2909008,5.9
tt2043971,4.1
tt0433035,6.8
tt2304953,5.9
tt4986134,6.9
tt4902716,4.9
tt3202890,5.2
tt1839591,5.5
tt2943854,4.6
tt3685668,4.6
tt1234719,5.4
tt1530983,6.1
tt1748179,6.1
tt1930458,4.8
tt2419284,6.1
tt1486185,5.9
tt1946381,4.5
tt2873282,6.5
tt0873886,6.1
tt0485985,6.0
tt1465505,6.2
tt6155374,5.6
tt3379456,5.1
tt2275946,5.8
tt4920274,7.4
tt1460743,6.8
tt3202408,5.3
tt1870527,4.6
tt1403981,7.1
tt2331047,6.1
tt1493828,5.1
tt1580426,5.7
tt5563862,5.2
tt1053424,6.2
tt6547170,5.0
tt1723047,4.7
tt3270538,7.8
tt3270538,7.8
tt5787230,7.7
tt5342650,6.0
tt1220634,5.9
tt1753496,6.4
tt1855325,5.7
tt5776208,6.4
tt5009286,6.1
tt3393198,6.7
tt1977895,6.3
tt2290617,6.3
tt1452599,3.6
tt1498569,6.4
tt3842962,4.7
tt4517738,4.7
tt4926752,4.7
tt1559549,7.5
tt3824412,5.1
tt1787791,6.5
tt4327510,6.8
tt1410051,5.6
tt2221648,5.0
tt2948790,5.2
tt2538130,6.4
tt2412746,4.9
tt1413496,6.7
tt1396523,5.5
tt3722614,5.1
tt2395970,7.0
tt2385195,7.0
tt2066048,4.7
tt2548738,7.1
tt2401223,7.1
tt2401223,7.1
tt3623726,5.8
tt1411250,6.2
tt1648208,4.3
tt2180317,2.6
tt1930463,5.9
tt6102104,5.4
tt6237268,5.4
tt8456680,5.4
tt1408253,6.2
tt2869728,6.2
tt0498381,4.9
tt1436562,6.6
tt2357291,6.3
tt2231208,7.7
tt1456606,5.2
tt2241475,6.0
tt4642044,6.0
tt6262764,6.0
tt4876952,4.8
tt3150966,4.8
tt1446192,7.3
tt1318514,7.2
tt2236182,3.5
tt3231054,5.8
tt1745958,4.8
tt2033219,4.8
tt1227789,4.2
tt2218416,5.3
tt3317362,6.1
tt5843780,4.6
tt3110770,6.6
tt4530832,2.8
tt2386285,6.4
tt1450330,6.4
tt2481480,6.3
tt0955308,6.3
tt4532826,5.8
tt7689966,8.0
tt1234721,5.8
tt1990314,6.9
tt1336608,6.1
tt3164256,5.5
tt3164256,5.5
tt3410408,5.9
tt5061126,7.2
tt3970482,8.3
tt3748528,7.5
tt3748528,7.5
tt1560978,5.1
tt7805906,5.1
tt1634300,5.5
tt6155172,7.8
tt6000478,6.2
tt6000478,6.2
tt1645131,6.7
tt1830792,6.8
tt1830792,6.8
tt1629374,6.2
tt5065822,6.5
tt7217214,7.7
tt3170832,8.1
tt3170832,8.1
tt1263750,6.1
tt5113986,4.5
tt2005331,7.5
tt2752688,6.7
tt1840388,5.0
tt1840388,5.0
tt5216022,5.4
tt4799050,5.6
tt2077833,5.9
tt1612774,5.9
tt1612774,5.9
tt1839492,7.1
tt1798243,7.4
tt1974420,5.9
tt2199571,6.4
tt2822864,5.3
tt2364841,5.6
tt4435082,6.4
tt6348244,5.8
tt1979320,7.7
tt1545103,8.3
tt1536437,5.1
tt4257950,4.8
tt7467324,6.8
tt2053425,7.2
tt5339418,4.3
tt6014472,5.2
tt7296862,4.4
tt1742334,5.5
tt1630564,5.1
tt2078718,5.2
tt1656190,6.3
tt1702439,7.1
tt1599348,6.4
tt2190467,6.2
tt1862079,6.9
tt2073070,7.5
tt2082415,5.6
tt1270114,5.2
tt3828488,7.2
tt1596753,6.5
tt3112900,7.5
tt0944835,6.3
tt1251743,5.4
tt6537238,6.9
tt1309379,5.1
tt3468392,5.1
tt1230168,6.8
tt1230168,6.8
tt6951892,5.4
tt3398252,4.2
tt2126355,6.1
tt2004419,5.7
tt0881320,5.9
tt2582576,6.4
tt4365518,5.9
tt5893332,5.2
tt2449810,4.9
tt2414212,5.7
tt3260022,7.1
tt6599742,6.0
tt2384328,6.0
tt1667691,6.5
tt1822302,6.0
tt4796122,4.0
tt5654600,8.5
tt1580427,8.3
tt1700841,5.6
tt5851014,5.1
tt1615065,6.3
tt1797487,6.2
tt1965065,5.9
tt4036488,6.6
tt6185286,6.9
tt4009460,1.6
tt2140373,7.4
tt4819560,6.1
tt0795461,4.7
tt1833879,4.1
tt1564369,3.3
tt2012011,6.3
tt1600438,5.0
tt3951730,6.1
tt2179936,7.2
tt2392748,5.5
tt0446029,7.3
tt1727776,6.2
tt1262416,6.2
tt2336104,4.0
tt2622672,4.7
tt2007995,6.7
tt1529567,7.4
tt7668870,7.6
tt2125608,7.9
tt4427060,6.1
tt0479997,5.3
tt2126357,6.2
tt3112556,5.1
tt1601475,5.6
tt1741273,6.3
tt1741273,6.3
tt1217213,6.8
tt1028576,7.0
tt5532610,7.5
tt3501112,6.0
tt2402179,6.7
tt3106120,4.4
tt1801071,7.0
tt1073246,5.0
tt1307068,6.4
tt2140379,6.3
tt1020072,7.5
tt2566644,7.4
tt1247690,5.6
tt2800240,6.8
tt5876412,5.6
tt5304992,7.0
tt1748197,4.9
tt1699147,5.4
tt1931533,6.8
tt4269118,6.1
tt1393020,6.6
tt2301147,5.3
tt2751310,5.3
tt1956620,5.3
tt1261945,5.9
tt3250032,4.6
tt1753584,4.4
tt2861478,7.6
tt1764647,5.1
tt1453403,4.2
tt6149120,5.3
tt1723811,7.0
tt1092634,6.1
tt3014078,5.5
tt1533749,6.6
tt4416518,3.9
tt1633356,5.0
tt2292182,2.9
tt5636234,2.4
tt2872750,6.9
tt1827358,5.1
tt1727360,3.9
tt3319508,8.2
tt0815236,6.1
tt2254131,6.0
tt5130764,8.2
tt2296777,5.4
tt1515091,7.1
tt1386691,6.0
tt4262980,6.6
tt7472352,7.5
tt3243464,5.6
tt5847286,6.6
tt1332119,3.4
tt2301155,6.5
tt8075192,8.0
tt2192582,6.4
tt2370248,7.9
tt5152640,4.6
tt4633690,6.9
tt3416674,6.2
tt5691024,5.9
tt1942971,6.2
tt0892791,6.1
tt3070936,7.2
tt2582500,5.2
tt1766085,5.3
tt2124908,7.2
tt1130884,8.1
tt6494418,4.2
tt1823202,7.2
tt3397884,7.3
tt3397884,7.3
tt5052474,6.7
tt2053463,6.5
tt2014338,7.3
tt1235841,7.7
tt4466490,6.8
tt3120280,6.5
tt5328952,5.4
tt0490215,7.1
tt0490215,7.1
tt1767382,5.2
tt2347497,4.8
tt3563892,3.7
tt1693830,6.8
tt4938484,6.5
tt1045658,7.1
tt1580021,6.2
tt1790834,6.1
tt0458481,6.3
tt1403862,4.7
tt3470600,6.9
tt3470600,6.9
tt3544112,8.0
tt7312940,3.7
tt1922777,6.8
tt2752772,5.8
tt5481984,2.9
tt1130969,5.6
tt2637848,6.5
tt2956686,6.5
tt1937324,6.8
tt2062969,6.8
tt1850457,5.9
tt4793074,5.9
tt1782568,6.5
tt7545566,7.1
tt1808477,4.1
tt6043142,7.5
tt1641841,5.6
tt2881698,5.2
tt2238032,5.6
tt5278930,7.8
tt2560792,4.6
tt1074638,7.1
tt1638350,6.1
tt1564585,4.8
tt5758778,6.1
tt4729990,6.5
tt3831636,4.1
tt1437358,7.0
tt1437358,7.0
tt1588398,5.3
tt3334390,4.2
tt3343136,4.2
tt3165612,6.3
tt2072233,5.8
tt4388844,5.8
tt2077851,6.7
tt4185370,4.6
tt3317158,3.3
tt5690360,4.0
tt4411234,4.2
tt1227931,4.8
tt2537390,5.7
tt1937329,2.6
tt3205376,6.7
tt5181852,5.0
tt1272886,5.9
tt5717492,5.5
tt2310109,5.5
tt1063111,6.2
tt1785564,6.1
tt6182908,6.6
tt4513538,5.8
tt1280015,7.0
tt2063781,6.4
tt2025667,4.3
tt4184878,4.8
tt3040224,3.3
tt4974616,6.6
tt2398241,6.2
tt2924590,6.3
tt6987760,3.4
tt5322168,8.3
tt2334871,5.3
tt3240784,6.2
tt5344794,4.4
tt6349302,6.0
tt0882977,5.9
tt1623765,3.5
tt1541995,5.9
tt1735898,5.9
tt2149137,4.1
tt3774114,7.1
tt3130560,7.0
tt3130560,7.0
tt1429433,5.6
tt1766094,6.0
tt3253624,7.2
tt5639898,6.3
tt7969042,6.3
tt3899706,4.9
tt1411956,6.9
tt1678051,4.6
tt3778644,6.6
tt2475794,5.9
tt2201221,4.9
tt3698558,4.6
tt2231138,6.4
tt1978532,5.5
tt2659512,5.4
tt0491152,6.1
tt2196053,6.0
tt3452948,7.3
tt1737747,6.7
tt1327601,4.5
tt2062996,6.7
tt1421051,6.1
tt3078932,4.6
tt3210686,6.4
tt1144815,2.9
tt3808342,7.2
tt2452200,6.2
tt1865505,8.1
tt2062700,5.3
tt3566788,6.9
tt4532818,6.6
tt2202569,3.8
tt2202569,3.8
tt5688932,6.9
tt1596346,7.0
tt2306745,7.4
tt1748207,6.4
tt0945513,7.2
tt1798684,7.4
tt4258698,5.5
tt2387692,5.8
tt5254640,6.5
tt1272051,5.5
tt2369317,4.9
tt2328745,4.4
tt3233418,7.0
tt1876451,5.9
tt2234429,5.0
tt2503358,3.6
tt2377938,7.3
tt4181052,5.7
tt2106651,6.3
tt2379713,6.4
tt2379713,6.4
tt4843344,5.9
tt6749318,5.4
tt3360038,6.9
tt2250912,7.4
tt4633694,8.4
tt5616294,5.4
tt5503266,8.5
tt6342110,6.1
tt2660118,7.2
tt3315656,7.2
tt3604256,7.2
tt4972582,7.2
tt5495666,7.2
tt6147768,7.2
tt2660118,4.8
tt3315656,4.8
tt3604256,4.8
tt4972582,4.8
tt5495666,4.8
tt6147768,4.8
tt1483020,6.8
tt1895587,7.8
tt7785302,7.8
tt1895587,7.8
tt7785302,7.8
tt3395184,6.6
tt2262270,6.7
tt3079380,6.8
tt2099731,6.3
tt1329232,5.2
tt2170593,7.1
tt1821617,4.9
tt2190838,5.4
tt5679402,4.4
tt1464580,6.2
tt3385524,7.1
tt3331846,7.1
tt1645916,6.1
tt1303803,4.3
tt1905042,6.8
tt3703908,5.9
tt3973814,4.2
tt2660888,6.7
tt1408101,7.4
tt2527336,7.0
tt2527336,7.0
tt2035630,7.0
tt2567712,7.2
tt2567712,7.2
tt2793490,6.0
tt2085930,5.7
tt6977240,5.6
tt3350890,4.8
tt3257692,7.3
tt1919090,5.0
tt1705134,4.4
tt3137764,5.8
tt1881060,5.7
tt3465916,7.3
tt5692390,6.7
tt3588082,6.8
tt5758404,8.4
tt5267472,6.4
tt1193631,6.7
tt2626350,6.8
tt1800741,6.8
tt3829378,5.6
tt3829378,5.6
tt2080374,6.8
tt2080374,6.8
tt2104994,7.5
tt4425064,6.5
tt3316960,7.5
tt3494584,7.6
tt7126776,5.8
tt2126362,5.6
tt2481512,5.3
tt1682180,6.6
tt1656186,5.3
tt1533817,4.7
tt1423995,5.2
tt1772264,6.7
tt3470928,6.9
tt3018070,6.2
tt3511812,7.3
tt4624424,6.5
tt3020226,5.7
tt1743375,3.5
tt2024506,5.3
tt1398426,7.7
tt1398426,7.7
tt2268573,3.6
tt3304756,3.6
tt4191054,6.3
tt2852458,6.4
tt2325977,5.2
tt1712573,6.0
tt0999913,5.7
tt4008348,6.8
tt3602106,5.8
tt2494280,6.2
tt4974396,8.3
tt4974396,8.3
tt5477402,7.3
tt1763288,3.8
tt4674314,3.8
tt2488042,6.6
tt3872958,6.6
tt5873150,6.6
tt3881784,7.0
tt5738152,7.0
tt1791614,6.4
tt9316022,8.4
tt1536440,6.2
tt5773986,6.8
tt3300572,5.1
tt0491175,5.8
tt0491175,5.8
tt6079702,5.1
tt0978764,6.0
tt3077214,7.3
tt4329098,5.1
tt4329098,5.1
tt2171118,7.6
tt3553378,5.1
tt1808454,7.6
tt1386697,5.9
tt0900387,7.4
tt3263904,7.1
tt7284204,5.9
tt5897636,7.4
tt4997624,5.6
tt4172146,6.9
tt5774450,6.8
tt3625352,4.8
tt3395582,5.7
tt3395582,5.7
tt5665452,7.1
tt5665452,7.1
tt6053948,6.8
tt2381213,5.9
tt1517249,5.3
tt2481198,6.7
tt1650062,6.7
tt5112578,6.5
tt3228830,6.7
tt1152827,5.1
tt0859635,5.8
tt3055402,5.6
tt7690670,6.5
tt4454078,4.8
tt2933474,4.7
tt1792621,6.5
tt1832516,5.3
tt1849111,5.3
tt6859352,6.1
tt1874789,6.7
tt2245151,6.4
tt2215463,4.8
tt3247714,5.5
tt1034415,7.0
tt5684868,7.0
tt2262175,5.3
tt2582498,6.0
tt5207320,6.1
tt5207320,6.1
tt2224004,6.1
tt2112277,5.1
tt7046974,8.2
tt1502420,4.1
tt4867110,5.8
tt4034354,6.9
tt1401636,6.0
tt2326252,6.0
tt5544384,7.6
tt5269396,6.4
tt0762138,5.8
tt2763304,7.0
tt2450264,6.5
tt1104001,6.3
tt1104001,6.3
tt1698010,8.1
tt1533089,7.7
tt1412528,6.0
tt2153963,7.3
tt1458915,4.8
tt2854926,6.8
tt1981080,6.0
tt3120054,5.8
tt6598626,5.7
tt1261954,6.6
tt0810922,6.1
tt1675192,7.2
tt7983844,6.9
tt5792472,5.3
tt1397280,6.2
tt5390246,3.5
tt1135084,6.2
tt1787988,6.8
tt3278330,6.2
tt3278330,6.2
tt4163020,5.3
tt3904186,6.7
tt1639084,6.8
tt7048676,4.2
tt4934950,7.5
tt1486190,5.8
tt2103254,5.2
tt3824458,7.0
tt2991224,7.8
tt0398286,7.5
tt2361184,5.8
tt1705952,5.5
tt4357394,6.3
tt3660078,6.9
tt4359416,6.9
tt3660078,6.9
tt4359416,6.9
tt5598216,7.3
tt1637725,6.3
tt2637276,6.1
tt8043306,7.6
tt7424200,7.0
tt2196055,6.7
tt5922636,6.7
tt1774591,5.5
tt1291150,5.8
tt3949660,5.9
tt1232206,6.7
tt2724236,5.5
tt5937770,5.4
tt4898730,3.9
tt3900796,5.4
tt2070862,6.7
tt2978102,5.9
tt3812432,5.7
tt4463816,5.7
tt1340138,5.9
tt2084953,7.1
tt1687281,6.4
tt2251828,6.4
tt4661276,3.7
tt3524346,4.6
tt2407380,7.2
tt1572315,5.3
tt1389127,5.8
tt2112287,5.4
tt1720254,5.2
tt2776878,6.3
tt2106675,3.4
tt1800246,6.1
tt3511542,5.7
tt2402200,6.5
tt3892434,6.8
tt1232200,5.5
tt4480568,6.5
tt1606180,6.8
tt3239442,6.5
tt2063804,3.1
tt6802308,5.3
tt2006295,6.2
tt2304933,5.8
tt3991412,6.4
tt3991412,6.4
tt0429493,6.3
tt1935896,4.8
tt2140479,6.9
tt2140479,6.9
tt2375605,7.8
tt1385826,6.6
tt1376213,5.1
tt0983193,6.8
tt3960240,6.4
tt1655441,7.4
tt1816597,5.9
tt5128826,4.3
tt0948470,6.5
tt1872181,6.4
tt1440728,5.8
tt8106160,6.1
tt2075373,7.1
tt3093286,4.9
tt6984258,5.1
tt4086116,2.8
tt5312612,4.3
tt5968274,7.0
tt5968274,7.0
tt1924394,7.1
tt1294970,5.6
tt1985949,6.0
tt2962726,4.9
tt5206170,7.4
tt1433822,4.3
tt6559390,6.4
tt6857040,5.3
tt2290709,3.4
tt5806646,5.5
tt3180912,4.4
tt4506722,3.1
tt1638364,7.0
tt1240538,5.8
tt1646967,8.2
tt1645080,6.5
tt1700467,5.7
tt5105736,7.2
tt2172985,6.2
tt1655442,7.4
tt1825978,7.4
tt5596104,5.5
tt3187378,4.1
tt3508840,6.4
tt6170804,5.2
tt5034474,5.0
tt5854198,4.8
tt0787442,6.5
tt3280916,5.6
tt3122842,6.8
tt3122842,6.8
tt3289956,6.5
tt3289956,6.5
tt0848228,7.6
tt1687901,6.4
tt3691740,6.2
tt2321549,6.4
tt0835418,4.9
tt4225622,5.9
tt5253282,7.0
tt4660980,5.7
tt5278458,7.5
tt2212008,5.2
tt6412452,7.2
tt4400994,6.2
tt3517984,6.2
tt3517984,6.2
tt1404830,4.9
tt2400291,7.8
tt3390550,4.8
tt3390550,4.8
tt2050633,5.3
tt6118340,3.9
tt1833887,3.5
tt3445270,7.8
tt2272350,6.3
tt1713476,5.5
tt2176794,5.5
tt2531318,7.6
tt1321860,6.3
tt5592248,5.7
tt1082807,6.1
tt2991532,3.4
tt3165630,4.8
tt2357377,6.8
tt2083355,6.6
tt1438251,4.5
tt1972779,7.3
tt2316868,6.6
tt1596363,7.3
tt5462602,7.4
tt1931435,5.8
tt1053810,5.8
tt7329810,7.1
tt4096750,4.0
tt3903322,7.3
tt3903322,7.3
tt4196450,6.5
tt4196450,6.5
tt2359347,4.0
tt4316236,7.3
tt5431600,3.7
tt5431600,3.7
tt2853182,4.7
tt8106576,6.7
tt1535566,5.0
tt2132285,5.4
tt4536494,6.7
tt4536494,6.7
tt3230082,6.6
tt1937149,7.7
tt0816442,7.5
tt1037705,6.7
tt4572792,7.5
tt2262227,7.4
tt2702724,5.8
tt3874544,6.4
tt3253232,6.1
tt1038919,5.7
tt1194173,6.1
tt3246908,7.6
tt0787474,6.7
tt2443822,5.6
tt3882082,5.8
tt3181822,4.4
tt1536536,3.6
tt3792960,6.6
tt3792960,6.6
tt3901826,7.9
tt6728096,5.1
tt2024519,7.8
tt2106741,6.5
tt1522846,4.3
tt3369676,3.4
tt4030600,5.1
tt5963066,4.2
tt1911644,6.7
tt2926868,6.7
tt1525890,6.0
tt1666335,5.7
tt1790886,5.7
tt2517658,5.6
tt2292959,4.3
tt1946421,6.3
tt2326612,5.9
tt3109072,4.4
tt7427856,7.9
tt6113488,6.8
tt4602066,6.2
tt1844793,4.8
tt2380247,7.2
tt1974382,5.9
tt1488555,6.0
tt2581480,3.4
tt1663187,5.2
tt4633662,4.6
tt1670269,4.8
tt3797868,7.0
tt4175888,4.4
tt0970926,4.5
tt1640714,6.1
tt6478538,5.8
tt2739338,6.0
tt2990140,7.0
tt3918686,5.4
tt0980970,6.3
tt2122313,5.5
tt2943946,5.5
tt4287320,5.5
tt6954894,5.5
tt1942989,6.9
tt4411504,6.5
tt1345772,5.2
tt2807624,6.3
tt2088923,2.3
tt6269368,6.5
tt2548396,5.6
tt4375438,6.8
tt4375438,6.8
tt3203616,5.6
tt3608654,3.3
tt3877296,4.7
tt1366365,5.1
tt1734122,3.8
tt1748227,6.1
tt1160996,5.2
tt1734548,6.4
tt1967614,5.6
tt1967614,5.6
tt2112293,6.0
tt1590193,6.2
tt1172991,6.6
tt4685806,4.0
tt4210080,6.4
tt1457767,7.5
tt3065204,7.2
tt2935564,7.1
tt3856972,7.1
tt2330322,6.1
tt2274172,3.2
tt4441280,5.9
tt1977941,4.3
tt2193215,5.1
tt5607782,4.4
tt3297382,4.6
tt2499076,7.8
tt0455407,6.2
tt1473352,6.4
tt0481499,6.8
tt6462472,6.3
tt1815782,5.5
tt1913178,5.1
tt4181782,5.3
tt2090629,4.2
tt1778338,7.4
tt2175947,4.5
tt3462384,4.5
tt2140507,5.7
tt1772261,4.7
tt4118606,4.0
tt2690138,4.6
tt2276095,6.8
tt0810819,7.7
tt0810819,7.7
tt5717424,6.4
tt6832388,6.4
tt8032572,6.4
tt1345836,7.7
tt2196059,5.8
tt1648190,5.6
tt1093357,4.9
tt4073790,6.8
tt1878841,4.8
tt4935746,4.8
tt1386925,5.7
tt5233558,7.4
tt2753778,6.8
tt7448180,6.0
tt1657299,6.0
tt6164762,7.1
tt2113792,3.9
tt3402594,4.4
tt1033575,6.8
tt1433207,5.9
tt1433207,5.9
tt3593120,3.2
tt1560985,4.7
tt2204379,5.8
tt6793280,4.9
tt1270262,6.7
tt2290739,5.1
tt2401715,5.8
tt3603808,4.7
tt3603808,4.7
tt3172532,6.7
tt1645170,6.0
tt1578275,5.3
tt3203620,4.2
tt2334896,6.1
tt3729920,6.2
tt2364897,4.4
tt3521126,7.2
tt3521126,7.2
tt5155780,6.2
tt1554414,6.1
tt1535616,5.9
tt5818818,7.5
tt0811137,5.1
tt4769836,5.6
tt4063178,5.9
tt5591666,6.1
tt1646980,5.9
tt2292576,8.1
tt3687304,5.2
tt1600196,6.7
tt2436682,5.4
tt5282006,6.5
tt2570858,6.4
tt3854372,5.6
tt1738366,6.3
tt1034389,6.1
tt3882074,7.3
tt1869716,6.6
tt1581634,6.0
tt1706414,6.0
tt1878870,7.2
tt1878870,7.2
tt3067274,5.6
tt3067274,5.6
tt7136736,5.2
tt4513074,3.8
tt4877122,5.4
tt4323536,6.1
tt1863203,3.8
tt1663680,5.7
tt3746700,3.8
tt2209792,4.7
tt3416744,7.1
tt2055765,5.7
tt0455944,7.2
tt3766354,6.4
tt7375578,6.3
tt3793788,6.1
tt6153924,6.1
tt6185998,5.0
tt3800796,5.1
tt1320253,6.1
tt1764651,6.2
tt2333784,6.1
tt0997152,6.5
tt1525830,6.5
tt1361313,5.9
tt1179025,6.0
tt1600207,5.4
tt5225338,6.3
tt5225338,6.3
tt1296373,5.4
tt3008014,6.5
tt1132285,5.7
tt2266857,5.7
tt4061908,4.5
tt2404311,6.2
tt4155318,6.2
tt1175713,4.9
tt7959500,4.0
tt6223974,8.0
tt6580394,5.5
tt4630562,6.9
tt2582846,7.6
tt5083738,7.7
tt5083702,7.9
tt5831402,5.9
tt5752360,5.7
tt6688354,5.4
tt1401236,4.6
tt1837703,5.9
tt0964517,7.3
tt1390535,5.6
tt2118624,6.5
tt3758334,3.3
tt1331329,4.1
tt2025690,6.4
tt0790663,7.0
tt5519566,7.5
tt6133466,5.8
tt1763303,7.0
tt1195478,5.8
tt5649144,7.4
tt2413516,2.8
tt3066630,6.2
tt1615160,6.7
tt1615160,6.7
tt3387542,5.0
tt4982356,5.0
tt3387542,5.9
tt4982356,5.9
tt1174693,5.3
tt5226436,7.3
tt2567038,6.8
tt2646378,4.3
tt3517044,5.6
tt1474889,4.8
tt7074886,5.9
tt2363439,4.2
tt2005374,6.3
tt2452386,7.4
tt4483220,5.4
tt1235170,5.8
tt2309260,4.8
tt2039393,5.8
tt2312390,6.3
tt1956655,3.8
tt2591814,7.5
tt3118442,5.4
tt3155604,7.0
tt1139328,6.8
tt1769363,6.3
tt4178092,6.7
tt1127883,6.0
tt1079360,4.3
tt2980554,5.9
tt5177088,6.0
tt3631112,6.3
tt3631112,6.3
tt1568346,7.3
tt0435651,6.5
tt2378507,7.1
tt4721404,5.4
tt1979388,6.7
tt1979388,6.7
tt1582271,5.5
tt2652092,7.4
tt2262315,6.2
tt4464394,4.9
tt2278388,8.0
tt1462900,6.5
tt4381236,5.9
tt2358891,7.4
tt1343092,7.4
tt1185244,4.9
tt2315226,6.7
tt7535780,5.8
tt1743720,6.5
tt1485796,8.0
tt1485796,8.0
tt1720263,6.2
tt0990407,5.5
tt2403021,5.2
tt2304915,7.4
tt1507564,5.5
tt2709692,6.4
tt1540133,6.9
tt2980592,6.5
tt3308106,6.5
tt1859603,4.4
tt1694020,5.4
tt6742252,7.3
tt2515034,5.7
tt2992524,5.4
tt2474976,5.3
tt1094666,6.5
tt4016934,8.3
tt1411697,6.4
tt1951261,6.1
tt2404639,6.8
tt1308728,5.7
tt3013528,3.6
tt2543336,6.0
tt2891250,6.0
tt3695346,6.7
tt5580266,8.2
tt3460252,7.7
tt3460252,7.7
tt6089700,4.1
tt1457765,5.7
tt2396701,3.9
tt3115712,5.4
tt2404463,6.6
tt1454029,8.1
tt5655222,6.2
tt1572194,3.9
tt3758708,6.7
tt2245195,6.9
tt1575694,5.4
tt1959563,6.7
tt1891923,4.5
tt0903624,7.2
tt2310332,7.3
tt1170358,7.6
tt8262802,6.7
tt3714720,6.4
tt3827684,4.9
tt2918606,6.1
tt2918606,6.1
tt4862506,5.7
tt2398231,6.5
tt2360446,5.1
tt2611026,6.7
tt2390341,2.3
tt1517260,6.2
tt2201251,4.8
tt4481514,5.7
tt2125653,7.8
tt4003440,7.3
tt5910344,6.6
tt4085238,5.0
tt2119543,6.2
tt1958043,5.4
tt7068818,4.9
tt6143568,4.9
tt2980648,7.3
tt1392170,7.1
tt1951264,7.4
tt1951265,6.8
tt1951266,6.8
tt1951266,6.8
tt3138104,4.3
tt2928902,5.2
tt2674358,5.7
tt1591504,3.7
tt4185572,7.7
tt2381991,6.2
tt5360952,5.4
tt3993350,6.1
tt1556243,5.4
tt5280684,4.3
tt1491044,6.5
tt2326574,5.3
tt1124035,6.7
tt0775489,7.4
tt2084970,8.1
tt1951181,6.2
tt1649419,7.2
tt1966604,7.4
tt3097204,6.1
tt1716772,6.2
tt0790628,5.4
tt5990342,6.3
tt2113075,7.6
tt1424003,6.0
tt1355631,6.6
tt3919598,4.0
tt1342115,4.0
tt1594562,5.5
tt4370784,7.2
tt2386327,5.8
tt5788136,3.9
tt2361509,7.1
tt3268458,7.9
tt2234155,6.2
tt1319744,7.0
tt4872078,6.1
tt2788710,6.2
tt1675434,8.2
tt3496372,5.2
tt2120152,7.5
tt1700845,6.0
tt2400463,6.5
tt4546370,6.5
tt2435514,4.1
tt2435514,4.1
tt2435514,4.1
tt1007029,6.4
tt5952266,7.9
tt6213758,6.7
tt6956150,6.7
tt1872194,7.3
tt3040964,6.8
tt1546420,5.5
tt1155076,6.3
tt5114154,6.6
tt5114154,6.6
tt2488778,5.5
tt1371160,6.9
tt0842926,6.6
tt5379294,6.2
tt0954947,5.9
tt1270296,5.7
tt5715874,6.9
tt6952960,6.8
tt2395228,5.8
tt1504320,7.7
tt2179116,7.0
tt2011300,5.0
tt4159182,4.9
tt3722070,6.3
tt3722070,6.3
tt5164412,6.6
tt6485928,5.6
tt0938283,4.6
tt1709143,5.3
tt3136752,6.2
tt1320244,5.6
tt2034139,4.5
tt4743562,4.7
tt4743562,4.7
tt3144266,3.4
tt1716767,4.8
tt4738360,5.6
tt2375443,3.8
tt1692928,7.6
tt2400002,5.9
tt5947416,6.9
tt1268970,3.5
tt2923834,4.0
tt1294226,7.2
tt1549920,5.9
tt2609778,5.5
tt2558318,5.5
tt2332831,5.2
tt1618442,5.8
tt1618442,5.8
tt3709552,6.5
tt5023260,6.6
tt1588878,5.4
tt6053938,6.0
tt4565520,5.1
tt2918436,5.1
tt1247400,4.5
tt1535970,6.1
tt4762824,5.3
tt1641638,6.7
tt7027566,7.7
tt8106596,6.8
tt7601296,3.8
tt1043726,4.5
tt0918940,5.8
tt4116284,7.2
tt1490017,7.4
tt3014284,6.3
tt1899324,3.5
tt4200902,5.8
tt1644669,4.2
tt2265534,5.3
tt2547584,7.1
tt5047336,6.9
tt1189340,7.1
tt5666304,5.6
tt5493944,4.8
tt6859762,5.8
tt1488574,6.7
tt2950236,6.0
tt4399952,4.8
tt4399952,4.8
tt1210819,6.0
tt4712076,5.8
tt2726560,7.5
tt2064968,5.1
tt1951216,5.5
tt3521134,8.1
tt3521134,8.1
tt2497980,5.0
tt1946298,5.6
tt1482459,6.4
tt0480255,6.2
tt1390539,5.5
tt2234261,5.8
tt3908142,6.2
tt5770620,5.3
tt1759682,7.2
tt1327194,6.9
tt6149936,5.2
tt2317225,6.0
tt1839654,7.1
tt2404435,6.2
tt6225520,6.6
tt6225520,6.6
tt2277106,6.4
tt5770864,6.1
tt5770864,6.1
tt1638355,7.1
tt1258972,5.3
tt3296908,6.5
tt7668724,6.0
tt6333096,7.2
tt3659388,7.7
tt3659388,7.7
tt3983674,8.3
tt3103166,3.5
tt1560747,7.1
tt4269746,6.2
tt7913934,6.0
tt5586362,5.1
tt1675758,4.6
tt1790864,7.1
tt0472399,6.3
tt4779682,5.9
tt3319730,5.9
tt3319730,5.9
tt4701660,6.3
tt5536736,6.4
tt3685586,6.8
tt5629964,6.8
tt5348236,6.0
tt1324055,6.4
tt1762358,6.5
tt1937388,6.1
tt4567486,4.9
tt5427194,7.4
tt6257174,7.1
tt5609302,6.2
tt1717715,4.9
tt4591310,5.8
tt6466464,5.5
tt2513092,4.4
tt3976144,5.2
tt4537888,4.7
tt2177771,5.9
tt1538403,6.3
tt6186696,5.4
tt4842646,6.0
tt2755016,7.1
tt2226597,6.5
tt4012424,7.7
tt2130270,6.4
tt7959026,6.5
tt2345759,5.5
tt3382842,3.9
tt1204342,6.6
tt5553962,3.6
tt1613062,7.3
tt6159268,4.6
tt3330764,5.8
tt3905764,4.8
tt1974419,6.6
tt7456534,6.5
tt1458175,7.0
tt3799694,7.1
tt3530002,6.1
tt6353886,6.1
tt3530002,6.1
tt6353886,6.1
tt6116856,7.1
tt4266076,5.6
tt1821657,6.1
tt4102722,4.7
tt3141498,5.7
tt3317522,5.7
tt5540188,6.6
tt5361326,4.5
tt2402157,6.1
tt1659338,5.4
tt2215221,6.1
tt5814060,5.6
tt1821658,5.6
tt3486626,5.7
tt5523010,6.0
tt1041804,5.5
tt1522857,7.7
tt7461200,5.8
tt1462769,6.7
tt2837574,6.5
tt3655972,6.7
tt2756032,6.9
tt0460890,6.2
tt7608028,3.7
tt2796678,4.1
tt1313139,5.5
tt1686327,5.5
tt4929038,6.6
tt1179071,3.6
tt4536768,5.2
tt1606829,7.5
tt1790867,6.7
tt1386588,6.2
tt3692768,7.1
tt3702652,5.3
tt2260254,4.5
tt0069049,7.0
tt2073016,6.3
tt2203939,6.3
tt4943322,6.1
tt4859032,4.2
tt3037846,7.2
tt2597760,6.4
tt4333210,6.7
tt2198241,4.3
tt10289896,6.1
tt2011311,6.1
tt7767582,6.1
tt3844362,6.0
tt3263996,7.4
tt1336601,3.8
tt1884457,5.1
tt7525778,5.6
tt2040560,5.6
tt7690762,5.2
tt2924442,4.6
tt6782276,6.0
tt6020428,6.3
tt1496422,5.5
tt1852137,3.9
tt6599064,7.2
tt1504300,6.5
tt6219314,6.9
tt5160154,6.8
tt5160154,6.8
tt2404461,7.3
tt2452042,6.6
tt2452042,6.6
tt4377864,6.9
tt1528813,5.1
tt2317484,4.7
tt0929618,3.5
tt1325014,6.4
tt1650058,4.7
tt3862750,5.7
tt1334553,6.3
tt2014248,5.7
tt4871980,5.5
tt4616250,3.8
tt7772580,6.6
tt1659337,7.8
tt2077886,8.5
tt3885524,5.5
tt1937506,5.1
tt4341532,5.0
tt4341532,5.0
tt3430042,3.6
tt1691154,5.5
tt5126922,6.9
tt5539052,5.6
tt5539052,5.6
tt2609326,3.3
tt2609326,3.3
tt0431021,5.9
tt3697398,4.0
tt1535617,5.0
tt5734576,5.1
tt2282016,5.8
tt6294822,7.0
tt6294822,7.0
tt0817545,5.0
tt3829266,5.2
tt1298594,4.2
tt2395421,6.4
tt1085492,4.8
tt4161288,4.8
tt8954732,7.1
tt7588752,5.7
tt3083008,6.4
tt10013288,7.1
tt4192918,7.1
tt7232438,7.1
tt9889072,7.1
tt10013288,7.1
tt4192918,7.1
tt7232438,7.1
tt9889072,7.1
tt1785612,7.2
tt2184339,6.2
tt2975578,6.6
tt4094724,6.3
tt2799166,4.8
tt6523720,6.7
tt2125666,7.1
tt2235779,5.0
tt8106570,6.4
tt1872204,7.4
tt2265171,7.7
tt5226192,4.8
tt4897358,5.5
tt2381355,5.9
tt6598072,4.9
tt1486192,6.3
tt5669936,4.0
tt2452470,5.1
tt3686998,7.7
tt3686998,7.7
tt1327200,4.7
tt1320291,5.6
tt1978567,3.3
tt2714380,4.2
tt3894312,4.2
tt4827878,5.8
tt1334102,5.6
tt4610378,6.7
tt4016226,7.8
tt1699135,5.5
tt1792543,5.5
tt1870554,5.5
tt1663202,7.4
tt1663202,7.4
tt2479478,5.0
tt1093906,3.7
tt2121377,5.6
tt2821314,7.1
tt2945796,4.8
tt1161864,5.9
tt1738387,5.2
tt1241329,5.7
tt2346048,5.1
tt2178256,7.0
tt2178256,7.0
tt1403988,4.9
tt2901548,6.1
tt1265990,5.4
tt2345737,6.2
tt8074486,4.5
tt0376136,5.7
tt1017451,6.4
tt3687398,4.7
tt4082596,6.0
tt5186714,7.3
tt5186714,7.3
tt2720680,6.4
tt1867093,5.6
tt3399484,4.2
tt7369722,5.4
tt2887322,6.0
tt2129887,6.1
tt2988852,4.5
tt7338690,5.0
tt2396721,5.0
tt4682136,5.8
tt8595478,5.8
tt3576038,6.7
tt2555736,6.4
tt3742378,8.0
tt2709768,6.1
tt0359950,7.1
tt1418757,5.3
tt2401789,2.5
tt4276206,4.3
tt2304426,7.4
tt4827986,6.1
tt1866249,6.9
tt4136056,7.6
tt2872518,7.1
tt5044656,4.8
tt4052882,6.3
tt3022458,5.7
tt5580390,7.2
tt5580390,7.2
tt3848888,4.5
tt2466830,7.4
tt2088950,5.9
tt3045622,5.9
tt3922798,7.2
tt2910814,5.9
tt2014295,6.1
tt3949658,5.7
tt2465140,5.8
tt4971344,7.0
tt1366344,5.4
tt1571249,6.7
tt1189073,7.5
tt1971558,3.0
tt0472181,5.6
tt2017020,5.7
tt2935390,4.2
tt1758810,5.1
tt1285016,7.2
tt1441373,5.8
tt5715410,6.5
tt1535612,5.1
tt1857913,5.7
tt0963966,5.9
tt4669278,4.1
tt3922818,7.1
tt1714206,6.6
tt0847825,4.6
tt2279373,5.7
tt2321517,5.1
tt8290698,7.3
tt1273678,5.7
tt6663582,6.4
tt2486682,7.8
tt3753108,7.8
tt4995790,6.9
tt5843670,5.4
tt4549224,5.3
tt0420293,6.9
tt4587656,5.4
tt2403029,4.2
tt2126403,6.4
tt1282153,6.7
tt2586000,7.1
tt5139934,4.8
tt5139934,4.8
tt1285009,5.4
tt5342904,6.9
tt2520516,5.6
tt5873672,6.5
tt5873672,6.5
tt4224478,5.3
tt3220100,4.7
tt2994832,6.4
tt3259324,7.1
tt4762758,3.4
tt3074578,4.5
tt3409440,6.9
tt2580382,6.2
tt2073121,5.7
tt3404158,5.7
tt4838534,7.1
tt0889573,6.1
tt3387648,6.0
tt4015500,7.4
tt1658837,5.9
tt1621446,4.7
tt1274300,5.8
tt1683003,5.8
tt1323917,4.4
tt2980516,7.9
tt2330866,6.6
tt0905372,6.1
tt5254868,7.2
tt7764650,6.6
tt3607322,6.0
tt1831806,4.9
tt6814080,5.9
tt1509767,5.7
tt0383010,5.1
tt4076980,5.1
tt1568334,7.5
tt3468352,5.3
tt4986098,5.3
tt1758795,5.5
tt1017464,5.3
tt1243957,6.1
tt0840361,7.1
tt6053472,4.4
tt2938956,5.4
tt1533084,5.3
tt4515684,6.6
tt4515684,6.6
tt0478304,6.6
tt1264115,5.2
tt2489734,7.1
tt3278988,4.6
tt1745787,6.8
tt1745787,6.8
tt1507571,5.3
tt2967006,6.5
tt6193424,6.7
tt1483756,4.5
tt3162938,7.9
tt3733774,5.0
tt1315419,5.5
tt1762365,5.5
tt5768474,7.2
tt1793931,6.1
tt1735485,5.5
tt1316540,7.9
tt1324999,6.0
tt1673434,6.3
tt1325004,6.0
tt2700330,7.4
tt1976000,5.8
tt1778924,6.3
tt2636522,6.7
tt2636522,6.7
tt2390962,7.3
tt5265960,6.1
tt5265960,6.1
tt2488366,3.9
tt1242744,5.0
tt1291566,6.7
tt3043194,4.2
tt1524575,4.6
tt1785635,4.7
tt1785635,4.7
tt3533916,4.6
tt3343868,4.1
tt1653700,5.9
tt1684564,4.4
tt1684564,4.4
tt1472195,5.2
tt1695994,4.6
tt3567288,6.2
tt3833746,6.0
tt1567437,6.3
tt7318900,5.8
tt7318900,5.8
tt1606389,7.1
tt1675759,5.1
tt1091212,6.2
tt6923390,6.2
tt1618399,7.1
tt2931376,4.7
tt2159988,6.9
tt3488710,6.9
tt3499458,5.0
tt4218696,6.1
tt6845582,6.1
tt7578246,6.1
tt3059816,5.0
tt3711510,6.1
tt1032751,6.1
tt1298649,5.4
tt5497458,5.4
tt1023114,6.9
tt1702014,8.1
tt1252507,5.1
tt1727388,7.1
tt2199251,4.5
tt0884732,6.5
tt2113809,5.7
tt6821012,5.1
tt1708537,5.5
tt3465456,5.0
tt3503406,6.4
tt3503406,6.4
tt1943014,4.4
tt5066056,5.8
tt1509276,7.2
tt8426594,4.3
tt1717724,6.1
tt4580550,5.2
tt3568002,6.9
tt4979652,6.9
tt8865562,6.0
tt0993846,7.9
tt0780653,5.7
tt2415458,6.9
tt1430132,6.3
tt1714208,6.0
tt2114490,6.6
tt1596365,6.1
tt1805297,6.7
tt3044244,6.9
tt3509804,4.8
tt1840417,6.6
tt6892462,7.0
tt2420166,5.5
tt1213663,6.7
tt6333070,6.8
tt1699518,7.0
tt1002563,6.1
tt4714568,7.5
tt1730768,7.4
tt6304046,7.1
tt6304046,7.1
tt1316616,5.1
tt1273222,7.6
tt4834762,6.6
tt5730882,7.1
tt2398249,5.5
tt4991112,5.2
tt7905466,8.1
tt8878922,8.1
tt6893836,7.4
tt3096858,5.6
tt1512240,6.2
tt1621045,6.9
tt2239832,6.3
tt2343793,5.9
tt1758830,5.7
tt6772874,7.3
tt1675197,7.3
tt1371150,6.6
tt1245492,6.2
tt1596350,6.0
tt0800369,6.7
tt3501632,7.5
tt3501632,7.5
tt1981115,6.7
tt2762122,6.3
tt3899516,6.8
tt5027774,8.2
tt5027774,8.2
tt7664504,7.6
tt1747994,5.6
tt1648216,7.5
tt2063834,5.7
tt5716380,5.6
tt7738450,7.0
tt2041488,5.3
tt1368870,5.3
tt5278506,7.4
tt3986532,7.3
tt1748260,5.9
tt2911674,5.5
tt4823434,6.7
tt2461340,7.1
tt1855401,5.7
tt3089388,7.3
tt3089388,7.3
tt6769280,6.3
tt2669336,6.5
tt6444140,5.4
tt4815122,6.4
tt1340800,6.7
tt1570989,5.9
tt3043630,4.3
tt3846674,7.9
tt2174896,7.5
tt6290418,5.0
tt1859650,5.7
tt5541240,7.3
tt4788638,6.5
tt1570577,4.8
tt3877718,6.2
tt5815944,6.3
tt6039532,6.5
tt1365519,6.3
tt1847731,7.2
tt1838475,4.5
tt1964418,6.2
tt4048272,7.1
tt4048272,7.1
tt5151716,6.7
tt3564200,4.3
tt0808510,5.3
tt2626460,4.7
tt2784678,6.3
tt4219836,6.9
tt4219836,6.9
tt2900822,4.7
tt2900822,4.7
tt2230816,4.7
tt1663696,3.1
tt3879074,5.1
tt1386703,5.9
tt1648099,6.6
tt6672252,4.8
tt6791238,4.8
tt1628055,5.7
tt2364949,4.9
tt5116410,7.8
tt5116410,7.8
tt1992258,5.9
tt0471042,6.0
tt1993396,2.9
tt0435761,7.7
tt3733618,4.2
tt2401097,5.9
tt1414378,6.7
tt5255524,5.0
tt1720621,5.3
tt5670152,5.7
tt3859272,5.9
tt3152624,5.8
tt1924429,6.6
tt2209764,6.0
tt1270120,6.2
tt2109248,5.8
tt1399103,6.1
tt3371366,6.0
tt1059836,5.6
tt4687464,6.0
tt1766175,4.8
tt4713454,7.1
tt5076792,6.2
tt2401099,7.2
tt1801123,5.7
tt1529666,7.0
tt1674784,5.5
tt2246924,6.3
tt1712261,5.8
tt3083006,4.9
tt1232838,5.9
tt1679335,6.6
tt1679335,6.6
tt2083383,6.7
tt5734548,3.8
tt1982882,3.9
tt1403865,7.2
tt1542768,5.7
tt2273657,6.2
tt3114786,6.2
tt5116504,4.9
tt3203606,7.2
tt2421416,5.8
tt2459920,5.9
tt3859076,6.6
tt2321661,5.6
tt6772950,6.0
tt6869948,6.0
tt0491203,6.4
tt5610554,6.9
tt8239946,7.6
tt2338424,6.4
tt2338424,6.4
tt5910280,7.1
tt1860353,6.1
tt3672742,6.6
tt1650407,6.3
tt3817848,7.7
tt3099498,5.3
tt1407084,5.9
tt2043962,7.1
tt2980626,7.4
tt2737050,6.9
tt2258285,5.7
tt2140619,6.5
tt2570224,5.7
tt1204340,7.4
tt5377564,7.0
tt6684398,7.0
tt6290798,6.1
tt1639426,7.2
tt4434004,7.2
tt1679332,5.2
tt2708946,5.6
tt6400614,6.3
tt1809398,7.4
tt7339792,6.7
tt3562786,3.9
tt2321502,6.2
tt7334528,6.5
tt3219194,5.9
tt3163336,6.1
tt1758610,6.8
tt1860355,7.7
tt4285198,7.1
tt1934458,5.0
tt5275886,5.8
tt5131054,5.5
tt4273292,6.6
tt5581616,7.6
tt3891538,5.7
tt1634003,5.5
tt2123342,5.5
tt1811371,4.3
tt1468381,6.5
tt3172126,7.6
tt3109830,7.5
tt4145304,5.8
tt2358925,5.2
tt3462710,5.5
tt4761916,6.1
tt1734589,5.6
tt1924277,6.1
tt1777034,7.2
tt2049636,7.8
tt1659343,5.3
tt1401152,6.6
tt3384870,5.0
tt1734493,6.2
tt3551400,4.3
tt3268850,7.5
tt7290740,7.5
tt7153766,6.2
tt0477080,6.4
tt0914863,6.7
tt6499752,7.4
tt3248078,6.2
tt2084989,6.5
tt4083572,4.3
tt2105044,5.9
tt2450186,6.1
tt3058674,4.6
tt1524930,6.2
tt2577990,6.6
tt0817230,5.8
tt2239822,6.6
tt3784160,8.1
tt1686821,5.9
tt2071648,3.9
tt2186562,6.3
tt1666186,4.1
tt1545106,5.0
tt5562652,6.5
tt1185412,5.7
tt1814930,7.3
tt1911662,5.2
tt3746298,5.5
tt1270797,6.6
tt0423474,3.7
tt2771372,6.7
tt1931602,5.9
tt4768764,7.1
tt3480796,4.3
tt6266538,7.1
tt4977530,6.7
tt2317337,7.0
tt0918575,4.4
tt5534434,5.7
tt5534434,5.7
tt1976009,5.8
tt1976009,5.8
tt4226388,7.8
tt4581458,7.8
tt5816682,6.9
tt3214002,5.9
tt5199588,7.6
tt3903852,4.8
tt1785669,4.5
tt3704298,5.5
tt3704298,5.5
tt2597892,5.5
tt1440379,5.8
tt3455224,8.1
tt1509125,3.5
tt2954474,5.2
tt4716444,5.2
tt1544608,5.5
tt3350996,4.3
tt3341832,3.0
tt5960374,6.0
tt7588790,6.3
tt2266938,6.3
tt2116974,5.8
tt3104078,5.8
tt4678184,4.5
tt3881680,6.1
tt1821701,3.8
tt1296898,5.7
tt2487028,4.0
tt2463288,5.9
tt2331100,5.9
tt10056504,5.9
tt5420886,5.9
tt2107861,6.4
tt2047910,5.3
tt1027718,6.0
tt3154310,6.4
tt2016335,5.5
tt1655460,5.4
tt2005151,6.8
tt1568911,7.2
tt4758646,5.6
tt3779300,4.9
tt3832914,7.5
tt3450958,7.0
tt3708886,5.7
tt0803096,6.3
tt1588173,6.3
tt1291584,7.8
tt6010020,7.5
tt3509426,5.4
tt1268204,7.7
tt1647483,5.3
tt1722498,5.3
tt1067583,6.9
tt2483208,3.7
tt0315642,6.6
tt4542660,6.7
tt1428459,5.7
tt2177843,7.0
tt3520418,5.6
tt5333500,5.6
tt2309021,5.7
tt3787590,6.3
tt1692504,6.2
tt1389137,6.7
tt3731580,6.9
tt3904278,5.8
tt1242460,7.6
tt1242460,7.6
tt1824254,6.6
tt1787837,7.7
tt7681824,6.8
tt1723121,6.8
tt5128712,6.6
tt1714210,7.5
tt1791679,7.5
tt1910670,7.5
tt5278596,7.6
tt6829180,5.5
tt5716280,5.1
tt3517306,6.0
tt3962848,6.6
tt3289724,6.6
tt2233979,5.7
tt3074952,4.3
tt2193265,4.9
tt1684233,5.8
tt1183923,6.5
tt1529235,6.7
tt1441956,6.6
tt1441956,6.6
tt4287470,4.0
tt2130321,7.5
tt2524674,5.3
tt1536537,7.2
tt4284010,7.6
tt1635659,5.4
tt7073710,5.7
tt1595366,7.7
tt4668808,6.6
tt6013156,5.1
tt6662736,6.8
tt3547682,5.7
tt2725962,6.8
tt1667150,6.6
tt5541848,7.5
tt1586265,5.9
tt0770703,6.4
tt5723286,5.8
tt2818178,5.9
tt3102906,7.2
tt5783956,6.6
tt1185416,5.9
tt1389139,5.3
tt2247476,6.6
tt1235187,7.8
tt3200980,7.1
tt2509922,7.4
tt4897822,7.4
tt4897822,7.4
tt2582802,8.4
tt3553442,6.2
tt2238050,6.2
tt4537896,6.3
tt2850304,5.0
tt5222768,7.2
tt1967697,5.9
tt4129870,5.6
tt4129870,5.6
tt2334879,6.4
tt2241116,6.0
tt2636542,6.0
tt2570738,5.3
tt2297063,6.3
tt3326366,6.8
tt5740866,7.9
tt5563330,6.3
tt3042408,7.7
tt1949605,5.2
tt0756727,7.6
tt2704816,6.6
tt6176928,5.2
tt1391137,5.9
tt2409302,7.4
tt4501244,6.2
tt4501244,6.2
tt1853643,5.5
tt2960470,7.6
tt4218572,6.5
tt4144190,5.6
tt2305051,7.0
tt4071086,6.4
tt2231253,5.5
tt3801934,5.7
tt4442130,4.6
tt1655461,6.2
tt3011894,7.8
tt1235189,6.4
tt4246856,5.1
tt5929754,6.8
tt2204080,6.6
tt5085924,5.5
tt1636844,6.8
tt1466072,6.7
tt2885364,4.9
tt1781058,5.8
tt7283700,5.8
tt3155328,5.7
tt1606392,6.9
tt1072748,5.7
tt5362988,7.4
tt1449283,6.9
tt1843202,5.4
tt3377996,8.2
tt5973658,5.6
tt2758880,7.7
tt6364638,6.9
tt4908644,8.1
tt1399683,6.9
tt1837709,6.2
tt3885932,6.5
tt2870708,6.6
tt5322012,5.4
tt1773836,5.4
tt1091863,6.1
tt1594503,5.3
tt3612320,5.3
tt1547090,4.5
tt2909116,6.5
tt1403241,5.8
tt4623856,5.8
tt4623856,5.8
tt4670016,4.6
tt2404425,7.4
tt1216520,6.1
tt3992752,4.9
tt1870529,6.3
tt7681902,8.3
tt2543472,8.2
tt2543472,8.2
tt5825380,6.3
tt0451279,7.3
tt6622356,5.8
tt5208216,6.1
tt3596952,5.8
tt4183692,7.0
tt4183692,7.0
tt4677924,4.8
tt0816711,6.7
tt1999995,5.8
tt1646987,5.6
tt1772341,7.3
tt0884214,3.9
tt2166616,6.0
tt4614654,5.5
tt5815078,4.3
tt2535470,6.2
tt3385516,6.5
tt1877832,7.5
tt1270798,7.2
tt2790182,5.0
tt4855748,5.9
tt3322892,4.9
tt5862902,5.3
tt1588898,5.5
tt1398428,4.9
tt3526408,5.4
tt3838992,4.5
tt1302067,5.3
tt1934269,7.0
tt1414382,6.2
tt7281472,5.5
tt1691452,4.6
tt5539054,5.6
tt1381418,5.9
tt8998472,6.2
tt7158686,5.1
tt1182350,5.8
tt1046171,4.9
tt1198156,7.4
tt1625346,5.7
tt2992146,6.1
tt2693664,5.8
tt2693664,5.8
tt1240982,5.3
tt3312830,6.9
tt6654316,7.7
tt2707858,6.6
tt1598642,5.6
tt3409848,6.9
tt3409848,6.9
tt1488181,5.6
tt2077908,6.8
tt2077908,6.8
tt1781069,7.1
tt1363468,5.4
tt2651916,3.9
tt6527426,5.4
tt7054386,5.4
tt1592292,6.4
tt2294965,6.6
tt1790885,6.9
tt5446858,7.5
tt3576084,6.7
tt3727690,4.4
tt3585004,5.0
tt3346224,5.7
tt5969746,6.0
tt6010628,6.0
tt3239154,6.7
tt1916763,2.4
tt2081438,3.1
tt4969672,3.1
tt3717324,4.5
tt7624934,6.6
tt7624934,6.6
tt1222817,5.3
tt1608290,4.7
tt5815346,5.5
tt6117454,5.5
tt6667868,5.5
tt5340882,3.9
tt2948356,7.7
tt10117046,7.2
tt1754944,5.5
tt2782834,4.8
tt1293847,5.6
